ARM GAS  C:\Users\Lukef\AppData\Local\Temp\ccBncuhi.s 			page 1


   1              		.syntax unified
   2              		.cpu cortex-m3
   3              		.fpu softvfp
   4              		.eabi_attribute 20, 1
   5              		.eabi_attribute 21, 1
   6              		.eabi_attribute 23, 3
   7              		.eabi_attribute 24, 1
   8              		.eabi_attribute 25, 1
   9              		.eabi_attribute 26, 1
  10              		.eabi_attribute 30, 1
  11              		.eabi_attribute 34, 1
  12              		.eabi_attribute 18, 4
  13              		.thumb
  14              		.syntax unified
  15              		.file	"cyfitter_cfg.c"
  16              		.text
  17              	.Ltext0:
  18              		.cfi_sections	.debug_frame
  19              		.section	.text.CyClockStartupError,"ax",%progbits
  20              		.align	2
  21              		.thumb
  22              		.thumb_func
  23              		.type	CyClockStartupError, %function
  24              	CyClockStartupError:
  25              	.LFB3:
  26              		.file 1 "Generated_Source\\PSoC5\\cyfitter_cfg.c"
   1:Generated_Source\PSoC5/cyfitter_cfg.c **** 
   2:Generated_Source\PSoC5/cyfitter_cfg.c **** /*******************************************************************************
   3:Generated_Source\PSoC5/cyfitter_cfg.c **** * File Name: cyfitter_cfg.c
   4:Generated_Source\PSoC5/cyfitter_cfg.c **** * 
   5:Generated_Source\PSoC5/cyfitter_cfg.c **** * PSoC Creator  4.4
   6:Generated_Source\PSoC5/cyfitter_cfg.c **** *
   7:Generated_Source\PSoC5/cyfitter_cfg.c **** * Description:
   8:Generated_Source\PSoC5/cyfitter_cfg.c **** * This file contains device initialization code.
   9:Generated_Source\PSoC5/cyfitter_cfg.c **** * Except for the user defined sections in CyClockStartupError(), this file should not be modified.
  10:Generated_Source\PSoC5/cyfitter_cfg.c **** * This file is automatically generated by PSoC Creator.
  11:Generated_Source\PSoC5/cyfitter_cfg.c **** *
  12:Generated_Source\PSoC5/cyfitter_cfg.c **** ********************************************************************************
  13:Generated_Source\PSoC5/cyfitter_cfg.c **** * Copyright (c) 2007-2020 Cypress Semiconductor.  All rights reserved.
  14:Generated_Source\PSoC5/cyfitter_cfg.c **** * You may use this file only in accordance with the license, terms, conditions, 
  15:Generated_Source\PSoC5/cyfitter_cfg.c **** * disclaimers, and limitations in the end user license agreement accompanying 
  16:Generated_Source\PSoC5/cyfitter_cfg.c **** * the software package with which this file was provided.
  17:Generated_Source\PSoC5/cyfitter_cfg.c **** ********************************************************************************/
  18:Generated_Source\PSoC5/cyfitter_cfg.c **** 
  19:Generated_Source\PSoC5/cyfitter_cfg.c **** #include <string.h>
  20:Generated_Source\PSoC5/cyfitter_cfg.c **** #include "cytypes.h"
  21:Generated_Source\PSoC5/cyfitter_cfg.c **** #include "cydevice_trm.h"
  22:Generated_Source\PSoC5/cyfitter_cfg.c **** #include "cyfitter.h"
  23:Generated_Source\PSoC5/cyfitter_cfg.c **** #include "CyLib.h"
  24:Generated_Source\PSoC5/cyfitter_cfg.c **** #include "cyfitter_cfg.h"
  25:Generated_Source\PSoC5/cyfitter_cfg.c **** #include "cyapicallbacks.h"
  26:Generated_Source\PSoC5/cyfitter_cfg.c **** 
  27:Generated_Source\PSoC5/cyfitter_cfg.c **** #define CY_NEED_CYCLOCKSTARTUPERROR 1
  28:Generated_Source\PSoC5/cyfitter_cfg.c **** 
  29:Generated_Source\PSoC5/cyfitter_cfg.c **** 
  30:Generated_Source\PSoC5/cyfitter_cfg.c **** #if defined(__GNUC__) || defined(__ARMCC_VERSION)
  31:Generated_Source\PSoC5/cyfitter_cfg.c ****     #define CYPACKED 
ARM GAS  C:\Users\Lukef\AppData\Local\Temp\ccBncuhi.s 			page 2


  32:Generated_Source\PSoC5/cyfitter_cfg.c ****     #define CYPACKED_ATTR __attribute__ ((packed))
  33:Generated_Source\PSoC5/cyfitter_cfg.c ****     #define CYALIGNED __attribute__ ((aligned))
  34:Generated_Source\PSoC5/cyfitter_cfg.c ****     #define CY_CFG_UNUSED __attribute__ ((unused))
  35:Generated_Source\PSoC5/cyfitter_cfg.c ****     #ifndef CY_CFG_SECTION
  36:Generated_Source\PSoC5/cyfitter_cfg.c ****         #define CY_CFG_SECTION __attribute__ ((section(".psocinit")))
  37:Generated_Source\PSoC5/cyfitter_cfg.c ****     #endif
  38:Generated_Source\PSoC5/cyfitter_cfg.c ****     
  39:Generated_Source\PSoC5/cyfitter_cfg.c ****     #if defined(__ARMCC_VERSION)
  40:Generated_Source\PSoC5/cyfitter_cfg.c ****         #define CY_CFG_MEMORY_BARRIER() __memory_changed()
  41:Generated_Source\PSoC5/cyfitter_cfg.c ****     #else
  42:Generated_Source\PSoC5/cyfitter_cfg.c ****         #define CY_CFG_MEMORY_BARRIER() __sync_synchronize()
  43:Generated_Source\PSoC5/cyfitter_cfg.c ****     #endif
  44:Generated_Source\PSoC5/cyfitter_cfg.c ****     
  45:Generated_Source\PSoC5/cyfitter_cfg.c **** #elif defined(__ICCARM__)
  46:Generated_Source\PSoC5/cyfitter_cfg.c ****     #include <intrinsics.h>
  47:Generated_Source\PSoC5/cyfitter_cfg.c **** 
  48:Generated_Source\PSoC5/cyfitter_cfg.c ****     #define CYPACKED __packed
  49:Generated_Source\PSoC5/cyfitter_cfg.c ****     #define CYPACKED_ATTR 
  50:Generated_Source\PSoC5/cyfitter_cfg.c ****     #define CYALIGNED _Pragma("data_alignment=4")
  51:Generated_Source\PSoC5/cyfitter_cfg.c ****     #define CY_CFG_UNUSED _Pragma("diag_suppress=Pe177")
  52:Generated_Source\PSoC5/cyfitter_cfg.c ****     #define CY_CFG_SECTION _Pragma("location=\".psocinit\"")
  53:Generated_Source\PSoC5/cyfitter_cfg.c ****     
  54:Generated_Source\PSoC5/cyfitter_cfg.c ****     #define CY_CFG_MEMORY_BARRIER() __DMB()
  55:Generated_Source\PSoC5/cyfitter_cfg.c ****     
  56:Generated_Source\PSoC5/cyfitter_cfg.c **** #else
  57:Generated_Source\PSoC5/cyfitter_cfg.c ****     #error Unsupported toolchain
  58:Generated_Source\PSoC5/cyfitter_cfg.c **** #endif
  59:Generated_Source\PSoC5/cyfitter_cfg.c **** 
  60:Generated_Source\PSoC5/cyfitter_cfg.c **** #ifndef CYCODE
  61:Generated_Source\PSoC5/cyfitter_cfg.c ****     #define CYCODE
  62:Generated_Source\PSoC5/cyfitter_cfg.c **** #endif
  63:Generated_Source\PSoC5/cyfitter_cfg.c **** #ifndef CYDATA
  64:Generated_Source\PSoC5/cyfitter_cfg.c ****     #define CYDATA
  65:Generated_Source\PSoC5/cyfitter_cfg.c **** #endif
  66:Generated_Source\PSoC5/cyfitter_cfg.c **** #ifndef CYFAR
  67:Generated_Source\PSoC5/cyfitter_cfg.c ****     #define CYFAR
  68:Generated_Source\PSoC5/cyfitter_cfg.c **** #endif
  69:Generated_Source\PSoC5/cyfitter_cfg.c **** #ifndef CYXDATA
  70:Generated_Source\PSoC5/cyfitter_cfg.c ****     #define CYXDATA
  71:Generated_Source\PSoC5/cyfitter_cfg.c **** #endif
  72:Generated_Source\PSoC5/cyfitter_cfg.c **** 
  73:Generated_Source\PSoC5/cyfitter_cfg.c **** 
  74:Generated_Source\PSoC5/cyfitter_cfg.c **** CY_CFG_UNUSED
  75:Generated_Source\PSoC5/cyfitter_cfg.c **** static void CYMEMZERO(void *s, size_t n);
  76:Generated_Source\PSoC5/cyfitter_cfg.c **** CY_CFG_UNUSED
  77:Generated_Source\PSoC5/cyfitter_cfg.c **** static void CYMEMZERO(void *s, size_t n)
  78:Generated_Source\PSoC5/cyfitter_cfg.c **** {
  79:Generated_Source\PSoC5/cyfitter_cfg.c **** 	(void)memset(s, 0, n);
  80:Generated_Source\PSoC5/cyfitter_cfg.c **** }
  81:Generated_Source\PSoC5/cyfitter_cfg.c **** CY_CFG_UNUSED
  82:Generated_Source\PSoC5/cyfitter_cfg.c **** static void CYCONFIGCPY(void *dest, const void *src, size_t n);
  83:Generated_Source\PSoC5/cyfitter_cfg.c **** CY_CFG_UNUSED
  84:Generated_Source\PSoC5/cyfitter_cfg.c **** static void CYCONFIGCPY(void *dest, const void *src, size_t n)
  85:Generated_Source\PSoC5/cyfitter_cfg.c **** {
  86:Generated_Source\PSoC5/cyfitter_cfg.c **** 	(void)memcpy(dest, src, n);
  87:Generated_Source\PSoC5/cyfitter_cfg.c **** }
  88:Generated_Source\PSoC5/cyfitter_cfg.c **** CY_CFG_UNUSED
ARM GAS  C:\Users\Lukef\AppData\Local\Temp\ccBncuhi.s 			page 3


  89:Generated_Source\PSoC5/cyfitter_cfg.c **** static void CYCONFIGCPYCODE(void *dest, const void *src, size_t n);
  90:Generated_Source\PSoC5/cyfitter_cfg.c **** CY_CFG_UNUSED
  91:Generated_Source\PSoC5/cyfitter_cfg.c **** static void CYCONFIGCPYCODE(void *dest, const void *src, size_t n)
  92:Generated_Source\PSoC5/cyfitter_cfg.c **** {
  93:Generated_Source\PSoC5/cyfitter_cfg.c **** 	(void)memcpy(dest, src, n);
  94:Generated_Source\PSoC5/cyfitter_cfg.c **** }
  95:Generated_Source\PSoC5/cyfitter_cfg.c **** 
  96:Generated_Source\PSoC5/cyfitter_cfg.c **** 
  97:Generated_Source\PSoC5/cyfitter_cfg.c **** 
  98:Generated_Source\PSoC5/cyfitter_cfg.c **** 
  99:Generated_Source\PSoC5/cyfitter_cfg.c **** /* Clock startup error codes                                                   */
 100:Generated_Source\PSoC5/cyfitter_cfg.c **** #define CYCLOCKSTART_NO_ERROR    0u
 101:Generated_Source\PSoC5/cyfitter_cfg.c **** #define CYCLOCKSTART_XTAL_ERROR  1u
 102:Generated_Source\PSoC5/cyfitter_cfg.c **** #define CYCLOCKSTART_32KHZ_ERROR 2u
 103:Generated_Source\PSoC5/cyfitter_cfg.c **** #define CYCLOCKSTART_PLL_ERROR   3u
 104:Generated_Source\PSoC5/cyfitter_cfg.c **** #define CYCLOCKSTART_FLL_ERROR   4u
 105:Generated_Source\PSoC5/cyfitter_cfg.c **** #define CYCLOCKSTART_WCO_ERROR   5u
 106:Generated_Source\PSoC5/cyfitter_cfg.c **** 
 107:Generated_Source\PSoC5/cyfitter_cfg.c **** 
 108:Generated_Source\PSoC5/cyfitter_cfg.c **** #ifdef CY_NEED_CYCLOCKSTARTUPERROR
 109:Generated_Source\PSoC5/cyfitter_cfg.c **** /*******************************************************************************
 110:Generated_Source\PSoC5/cyfitter_cfg.c **** * Function Name: CyClockStartupError
 111:Generated_Source\PSoC5/cyfitter_cfg.c **** ********************************************************************************
 112:Generated_Source\PSoC5/cyfitter_cfg.c **** * Summary:
 113:Generated_Source\PSoC5/cyfitter_cfg.c **** *  If an error is encountered during clock configuration (crystal startup error,
 114:Generated_Source\PSoC5/cyfitter_cfg.c **** *  PLL lock error, etc.), the system will end up here.  Unless reimplemented by
 115:Generated_Source\PSoC5/cyfitter_cfg.c **** *  the customer, this function will stop in an infinite loop.
 116:Generated_Source\PSoC5/cyfitter_cfg.c **** *
 117:Generated_Source\PSoC5/cyfitter_cfg.c **** * Parameters:
 118:Generated_Source\PSoC5/cyfitter_cfg.c **** *   void
 119:Generated_Source\PSoC5/cyfitter_cfg.c **** *
 120:Generated_Source\PSoC5/cyfitter_cfg.c **** * Return:
 121:Generated_Source\PSoC5/cyfitter_cfg.c **** *   void
 122:Generated_Source\PSoC5/cyfitter_cfg.c **** *
 123:Generated_Source\PSoC5/cyfitter_cfg.c **** *******************************************************************************/
 124:Generated_Source\PSoC5/cyfitter_cfg.c **** CY_CFG_UNUSED
 125:Generated_Source\PSoC5/cyfitter_cfg.c **** static void CyClockStartupError(uint8 errorCode);
 126:Generated_Source\PSoC5/cyfitter_cfg.c **** CY_CFG_UNUSED
 127:Generated_Source\PSoC5/cyfitter_cfg.c **** static void CyClockStartupError(uint8 errorCode)
 128:Generated_Source\PSoC5/cyfitter_cfg.c **** {
  27              		.loc 1 128 0
  28              		.cfi_startproc
  29              		@ Volatile: function does not return.
  30              		@ args = 0, pretend = 0, frame = 0
  31              		@ frame_needed = 0, uses_anonymous_args = 0
  32              		@ link register save eliminated.
  33              	.LVL0:
  34              	.L2:
  35 0000 FEE7     		b	.L2
  36              		.cfi_endproc
  37              	.LFE3:
  38              		.size	CyClockStartupError, .-CyClockStartupError
  39 0002 00BF     		.section	.text.cfg_write_bytes32,"ax",%progbits
  40              		.align	2
  41              		.thumb
  42              		.thumb_func
  43              		.type	cfg_write_bytes32, %function
ARM GAS  C:\Users\Lukef\AppData\Local\Temp\ccBncuhi.s 			page 4


  44              	cfg_write_bytes32:
  45              	.LFB4:
 129:Generated_Source\PSoC5/cyfitter_cfg.c ****     /* To remove the compiler warning if errorCode not used.                */
 130:Generated_Source\PSoC5/cyfitter_cfg.c ****     errorCode = errorCode;
 131:Generated_Source\PSoC5/cyfitter_cfg.c **** 
 132:Generated_Source\PSoC5/cyfitter_cfg.c ****     /* If we have a clock startup error (bad MHz crystal, PLL lock, etc.),  */
 133:Generated_Source\PSoC5/cyfitter_cfg.c ****     /* we will end up here to allow the customer to implement something to  */
 134:Generated_Source\PSoC5/cyfitter_cfg.c ****     /* deal with the clock condition.                                       */
 135:Generated_Source\PSoC5/cyfitter_cfg.c **** 
 136:Generated_Source\PSoC5/cyfitter_cfg.c **** #ifdef CY_CFG_CLOCK_STARTUP_ERROR_CALLBACK
 137:Generated_Source\PSoC5/cyfitter_cfg.c ****     CY_CFG_Clock_Startup_ErrorCallback();
 138:Generated_Source\PSoC5/cyfitter_cfg.c **** #else
 139:Generated_Source\PSoC5/cyfitter_cfg.c ****     /*  If not using CY_CFG_CLOCK_STARTUP_ERROR_CALLBACK, place your clock startup code here. */
 140:Generated_Source\PSoC5/cyfitter_cfg.c ****     /* `#START CyClockStartupError` */
 141:Generated_Source\PSoC5/cyfitter_cfg.c **** 
 142:Generated_Source\PSoC5/cyfitter_cfg.c **** 
 143:Generated_Source\PSoC5/cyfitter_cfg.c **** 
 144:Generated_Source\PSoC5/cyfitter_cfg.c ****     /* `#END` */
 145:Generated_Source\PSoC5/cyfitter_cfg.c **** 
 146:Generated_Source\PSoC5/cyfitter_cfg.c ****     while(1) {}
 147:Generated_Source\PSoC5/cyfitter_cfg.c **** #endif /* CY_CFG_CLOCK_STARTUP_ERROR_CALLBACK */
 148:Generated_Source\PSoC5/cyfitter_cfg.c **** }
 149:Generated_Source\PSoC5/cyfitter_cfg.c **** #endif
 150:Generated_Source\PSoC5/cyfitter_cfg.c **** 
 151:Generated_Source\PSoC5/cyfitter_cfg.c **** #define CY_CFG_BASE_ADDR_COUNT 13u
 152:Generated_Source\PSoC5/cyfitter_cfg.c **** CYPACKED typedef struct
 153:Generated_Source\PSoC5/cyfitter_cfg.c **** {
 154:Generated_Source\PSoC5/cyfitter_cfg.c **** 	uint8 offset;
 155:Generated_Source\PSoC5/cyfitter_cfg.c **** 	uint8 value;
 156:Generated_Source\PSoC5/cyfitter_cfg.c **** } CYPACKED_ATTR cy_cfg_addrvalue_t;
 157:Generated_Source\PSoC5/cyfitter_cfg.c **** 
 158:Generated_Source\PSoC5/cyfitter_cfg.c **** #define cy_cfg_addr_table ((const uint32 CYFAR *)0x48000000u)
 159:Generated_Source\PSoC5/cyfitter_cfg.c **** #define cy_cfg_data_table ((const cy_cfg_addrvalue_t CYFAR *)0x48000034u)
 160:Generated_Source\PSoC5/cyfitter_cfg.c **** 
 161:Generated_Source\PSoC5/cyfitter_cfg.c **** /* IOPINS0_7 Address: CYREG_PRT12_DM0 Size (bytes): 8 */
 162:Generated_Source\PSoC5/cyfitter_cfg.c **** #define BS_IOPINS0_7_VAL ((const uint8 CYFAR *)0x48000064u)
 163:Generated_Source\PSoC5/cyfitter_cfg.c **** 
 164:Generated_Source\PSoC5/cyfitter_cfg.c **** /* IOPINS0_1 Address: CYREG_PRT1_DM0 Size (bytes): 8 */
 165:Generated_Source\PSoC5/cyfitter_cfg.c **** #define BS_IOPINS0_1_VAL ((const uint8 CYFAR *)0x4800006Cu)
 166:Generated_Source\PSoC5/cyfitter_cfg.c **** 
 167:Generated_Source\PSoC5/cyfitter_cfg.c **** /* IOPINS0_3 Address: CYREG_PRT3_DM0 Size (bytes): 8 */
 168:Generated_Source\PSoC5/cyfitter_cfg.c **** #define BS_IOPINS0_3_VAL ((const uint8 CYFAR *)0x48000074u)
 169:Generated_Source\PSoC5/cyfitter_cfg.c **** 
 170:Generated_Source\PSoC5/cyfitter_cfg.c **** /* CYDEV_CLKDIST_ACFG0_CFG0 Address: CYREG_CLKDIST_ACFG0_CFG0 Size (bytes): 4 */
 171:Generated_Source\PSoC5/cyfitter_cfg.c **** #define BS_CYDEV_CLKDIST_ACFG0_CFG0_VAL ((const uint8 CYFAR *)0x4800007Cu)
 172:Generated_Source\PSoC5/cyfitter_cfg.c **** 
 173:Generated_Source\PSoC5/cyfitter_cfg.c **** 
 174:Generated_Source\PSoC5/cyfitter_cfg.c **** /*******************************************************************************
 175:Generated_Source\PSoC5/cyfitter_cfg.c **** * Function Name: cfg_write_bytes32
 176:Generated_Source\PSoC5/cyfitter_cfg.c **** ********************************************************************************
 177:Generated_Source\PSoC5/cyfitter_cfg.c **** * Summary:
 178:Generated_Source\PSoC5/cyfitter_cfg.c **** *  This function is used for setting up the chip configuration areas that
 179:Generated_Source\PSoC5/cyfitter_cfg.c **** *  contain relatively sparse data.
 180:Generated_Source\PSoC5/cyfitter_cfg.c **** *
 181:Generated_Source\PSoC5/cyfitter_cfg.c **** * Parameters:
 182:Generated_Source\PSoC5/cyfitter_cfg.c **** *   void
 183:Generated_Source\PSoC5/cyfitter_cfg.c **** *
ARM GAS  C:\Users\Lukef\AppData\Local\Temp\ccBncuhi.s 			page 5


 184:Generated_Source\PSoC5/cyfitter_cfg.c **** * Return:
 185:Generated_Source\PSoC5/cyfitter_cfg.c **** *   void
 186:Generated_Source\PSoC5/cyfitter_cfg.c **** *
 187:Generated_Source\PSoC5/cyfitter_cfg.c **** *******************************************************************************/
 188:Generated_Source\PSoC5/cyfitter_cfg.c **** static void cfg_write_bytes32(const uint32 addr_table[], const cy_cfg_addrvalue_t data_table[]);
 189:Generated_Source\PSoC5/cyfitter_cfg.c **** static void cfg_write_bytes32(const uint32 addr_table[], const cy_cfg_addrvalue_t data_table[])
 190:Generated_Source\PSoC5/cyfitter_cfg.c **** {
  46              		.loc 1 190 0
  47              		.cfi_startproc
  48              		@ args = 0, pretend = 0, frame = 0
  49              		@ frame_needed = 0, uses_anonymous_args = 0
  50              		@ link register save eliminated.
  51              	.LVL1:
  52              		.loc 1 190 0
  53 0000 F0B4     		push	{r4, r5, r6, r7}
  54              		.cfi_def_cfa_offset 16
  55              		.cfi_offset 4, -16
  56              		.cfi_offset 5, -12
  57              		.cfi_offset 6, -8
  58              		.cfi_offset 7, -4
  59              	.LVL2:
 191:Generated_Source\PSoC5/cyfitter_cfg.c **** 	/* For 32-bit little-endian architectures */
 192:Generated_Source\PSoC5/cyfitter_cfg.c **** 	uint32 i, j = 0u;
  60              		.loc 1 192 0
  61 0002 0022     		movs	r2, #0
 193:Generated_Source\PSoC5/cyfitter_cfg.c **** 	for (i = 0u; i < CY_CFG_BASE_ADDR_COUNT; i++)
  62              		.loc 1 193 0
  63 0004 1746     		mov	r7, r2
  64 0006 11E0     		b	.L4
  65              	.LVL3:
  66              	.L7:
  67              	.LBB2:
 194:Generated_Source\PSoC5/cyfitter_cfg.c **** 	{
 195:Generated_Source\PSoC5/cyfitter_cfg.c **** 		uint32 baseAddr = addr_table[i];
  68              		.loc 1 195 0
  69 0008 50F82760 		ldr	r6, [r0, r7, lsl #2]
  70              	.LVL4:
 196:Generated_Source\PSoC5/cyfitter_cfg.c **** 		uint8 count = (uint8)baseAddr;
  71              		.loc 1 196 0
  72 000c F3B2     		uxtb	r3, r6
  73              	.LVL5:
 197:Generated_Source\PSoC5/cyfitter_cfg.c **** 		baseAddr &= 0xFFFFFF00u;
  74              		.loc 1 197 0
  75 000e 26F0FF06 		bic	r6, r6, #255
  76              	.LVL6:
 198:Generated_Source\PSoC5/cyfitter_cfg.c **** 		while (count != 0u)
  77              		.loc 1 198 0
  78 0012 08E0     		b	.L5
  79              	.L6:
 199:Generated_Source\PSoC5/cyfitter_cfg.c **** 		{
 200:Generated_Source\PSoC5/cyfitter_cfg.c **** 			CY_SET_REG8((void *)(baseAddr + data_table[j].offset), data_table[j].value);
  80              		.loc 1 200 0
  81 0014 01EB4205 		add	r5, r1, r2, lsl #1
  82 0018 11F81240 		ldrb	r4, [r1, r2, lsl #1]	@ zero_extendqisi2
  83 001c 6D78     		ldrb	r5, [r5, #1]	@ zero_extendqisi2
  84 001e A555     		strb	r5, [r4, r6]
 201:Generated_Source\PSoC5/cyfitter_cfg.c **** 			j++;
ARM GAS  C:\Users\Lukef\AppData\Local\Temp\ccBncuhi.s 			page 6


  85              		.loc 1 201 0
  86 0020 0132     		adds	r2, r2, #1
  87              	.LVL7:
 202:Generated_Source\PSoC5/cyfitter_cfg.c **** 			count--;
  88              		.loc 1 202 0
  89 0022 013B     		subs	r3, r3, #1
  90              	.LVL8:
  91 0024 DBB2     		uxtb	r3, r3
  92              	.LVL9:
  93              	.L5:
 198:Generated_Source\PSoC5/cyfitter_cfg.c **** 		{
  94              		.loc 1 198 0
  95 0026 002B     		cmp	r3, #0
  96 0028 F4D1     		bne	.L6
  97              	.LBE2:
 193:Generated_Source\PSoC5/cyfitter_cfg.c **** 	{
  98              		.loc 1 193 0 discriminator 2
  99 002a 0137     		adds	r7, r7, #1
 100              	.LVL10:
 101              	.L4:
 193:Generated_Source\PSoC5/cyfitter_cfg.c **** 	{
 102              		.loc 1 193 0 is_stmt 0 discriminator 1
 103 002c 0C2F     		cmp	r7, #12
 104 002e EBD9     		bls	.L7
 203:Generated_Source\PSoC5/cyfitter_cfg.c **** 		}
 204:Generated_Source\PSoC5/cyfitter_cfg.c **** 	}
 205:Generated_Source\PSoC5/cyfitter_cfg.c **** }
 105              		.loc 1 205 0 is_stmt 1
 106 0030 F0BC     		pop	{r4, r5, r6, r7}
 107              		.cfi_restore 7
 108              		.cfi_restore 6
 109              		.cfi_restore 5
 110              		.cfi_restore 4
 111              		.cfi_def_cfa_offset 0
 112              	.LVL11:
 113 0032 7047     		bx	lr
 114              		.cfi_endproc
 115              	.LFE4:
 116              		.size	cfg_write_bytes32, .-cfg_write_bytes32
 117              		.section	.text.AnalogSetDefault,"ax",%progbits
 118              		.align	2
 119              		.thumb
 120              		.thumb_func
 121              		.type	AnalogSetDefault, %function
 122              	AnalogSetDefault:
 123              	.LFB6:
 206:Generated_Source\PSoC5/cyfitter_cfg.c **** 
 207:Generated_Source\PSoC5/cyfitter_cfg.c **** /*******************************************************************************
 208:Generated_Source\PSoC5/cyfitter_cfg.c **** * Function Name: ClockSetup
 209:Generated_Source\PSoC5/cyfitter_cfg.c **** ********************************************************************************
 210:Generated_Source\PSoC5/cyfitter_cfg.c **** *
 211:Generated_Source\PSoC5/cyfitter_cfg.c **** * Summary:
 212:Generated_Source\PSoC5/cyfitter_cfg.c **** *  Performs the initialization of all of the clocks in the device based on the
 213:Generated_Source\PSoC5/cyfitter_cfg.c **** *  settings in the Clock tab of the DWR.  This includes enabling the requested
 214:Generated_Source\PSoC5/cyfitter_cfg.c **** *  clocks and setting the necessary dividers to produce the desired frequency. 
 215:Generated_Source\PSoC5/cyfitter_cfg.c **** *
 216:Generated_Source\PSoC5/cyfitter_cfg.c **** * Parameters:
ARM GAS  C:\Users\Lukef\AppData\Local\Temp\ccBncuhi.s 			page 7


 217:Generated_Source\PSoC5/cyfitter_cfg.c **** *  void
 218:Generated_Source\PSoC5/cyfitter_cfg.c **** *
 219:Generated_Source\PSoC5/cyfitter_cfg.c **** * Return:
 220:Generated_Source\PSoC5/cyfitter_cfg.c **** *  void
 221:Generated_Source\PSoC5/cyfitter_cfg.c **** *
 222:Generated_Source\PSoC5/cyfitter_cfg.c **** *******************************************************************************/
 223:Generated_Source\PSoC5/cyfitter_cfg.c **** static void ClockSetup(void);
 224:Generated_Source\PSoC5/cyfitter_cfg.c **** static void ClockSetup(void)
 225:Generated_Source\PSoC5/cyfitter_cfg.c **** {
 226:Generated_Source\PSoC5/cyfitter_cfg.c **** 	uint32 timeout;
 227:Generated_Source\PSoC5/cyfitter_cfg.c **** 	uint8 pllLock;
 228:Generated_Source\PSoC5/cyfitter_cfg.c **** 
 229:Generated_Source\PSoC5/cyfitter_cfg.c **** 
 230:Generated_Source\PSoC5/cyfitter_cfg.c **** 	/* Configure Digital Clocks based on settings from Clock DWR */
 231:Generated_Source\PSoC5/cyfitter_cfg.c **** 	CY_SET_XTND_REG16((void CYFAR *)(CYREG_CLKDIST_DCFG0_CFG0), 0x0000u);
 232:Generated_Source\PSoC5/cyfitter_cfg.c **** 	CY_SET_XTND_REG8((void CYFAR *)(CYREG_CLKDIST_DCFG0_CFG0 + 0x2u), 0x50u);
 233:Generated_Source\PSoC5/cyfitter_cfg.c **** 
 234:Generated_Source\PSoC5/cyfitter_cfg.c **** 	/* Configure Analog Clocks based on settings from Clock DWR */
 235:Generated_Source\PSoC5/cyfitter_cfg.c **** 	CYCONFIGCPY((void CYFAR *)(CYREG_CLKDIST_ACFG0_CFG0), (const void CYFAR *)(BS_CYDEV_CLKDIST_ACFG0_
 236:Generated_Source\PSoC5/cyfitter_cfg.c **** 
 237:Generated_Source\PSoC5/cyfitter_cfg.c **** 	/* Configure ILO based on settings from Clock DWR */
 238:Generated_Source\PSoC5/cyfitter_cfg.c **** 	CY_SET_XTND_REG8((void CYFAR *)(CYREG_SLOWCLK_ILO_CR0), 0x02u);
 239:Generated_Source\PSoC5/cyfitter_cfg.c **** 	CY_SET_XTND_REG8((void CYFAR *)(CYREG_CLKDIST_CR), 0x08u);
 240:Generated_Source\PSoC5/cyfitter_cfg.c **** 
 241:Generated_Source\PSoC5/cyfitter_cfg.c **** 	/* Configure IMO based on settings from Clock DWR */
 242:Generated_Source\PSoC5/cyfitter_cfg.c **** 	CY_SET_XTND_REG8((void CYFAR *)(CYREG_FASTCLK_IMO_CR), 0x03u);
 243:Generated_Source\PSoC5/cyfitter_cfg.c **** 	CY_SET_XTND_REG8((void CYFAR *)(CYREG_IMO_TR1), (CY_GET_XTND_REG8((void CYFAR *)CYREG_FLSHID_CUST_
 244:Generated_Source\PSoC5/cyfitter_cfg.c **** 
 245:Generated_Source\PSoC5/cyfitter_cfg.c **** 	/* Configure PLL based on settings from Clock DWR */
 246:Generated_Source\PSoC5/cyfitter_cfg.c **** 	CY_SET_XTND_REG16((void CYFAR *)(CYREG_FASTCLK_PLL_P), 0x0008u);
 247:Generated_Source\PSoC5/cyfitter_cfg.c **** 	CY_SET_XTND_REG16((void CYFAR *)(CYREG_FASTCLK_PLL_CFG0), 0x1251u);
 248:Generated_Source\PSoC5/cyfitter_cfg.c **** 	/* Wait up to 250us for the PLL to lock */
 249:Generated_Source\PSoC5/cyfitter_cfg.c **** 	pllLock = 0u;
 250:Generated_Source\PSoC5/cyfitter_cfg.c **** 	for (timeout = 250u / 10u; (timeout > 0u) && (pllLock != 0x03u); timeout--)
 251:Generated_Source\PSoC5/cyfitter_cfg.c **** 	{ 
 252:Generated_Source\PSoC5/cyfitter_cfg.c **** 		pllLock = 0x03u & ((uint8)((uint8)pllLock << 1) | ((CY_GET_XTND_REG8((void CYFAR *)CYREG_FASTCLK_
 253:Generated_Source\PSoC5/cyfitter_cfg.c **** 		CyDelayCycles(10u * 48u); /* Delay 10us based on 48MHz clock */
 254:Generated_Source\PSoC5/cyfitter_cfg.c **** 	}
 255:Generated_Source\PSoC5/cyfitter_cfg.c **** 	/* If we ran out of time the PLL didn't lock so go to the error function */
 256:Generated_Source\PSoC5/cyfitter_cfg.c **** 	if (timeout == 0u)
 257:Generated_Source\PSoC5/cyfitter_cfg.c **** 	{
 258:Generated_Source\PSoC5/cyfitter_cfg.c **** 		CyClockStartupError(CYCLOCKSTART_PLL_ERROR);
 259:Generated_Source\PSoC5/cyfitter_cfg.c **** 	}
 260:Generated_Source\PSoC5/cyfitter_cfg.c **** 
 261:Generated_Source\PSoC5/cyfitter_cfg.c **** 	/* Configure Bus/Master Clock based on settings from Clock DWR */
 262:Generated_Source\PSoC5/cyfitter_cfg.c **** 	CY_SET_XTND_REG16((void CYFAR *)(CYREG_CLKDIST_MSTR0), 0x0100u);
 263:Generated_Source\PSoC5/cyfitter_cfg.c **** 	CY_SET_XTND_REG8((void CYFAR *)(CYREG_CLKDIST_MSTR0), 0x07u);
 264:Generated_Source\PSoC5/cyfitter_cfg.c **** 	CY_SET_XTND_REG8((void CYFAR *)(CYREG_CLKDIST_BCFG0), 0x00u);
 265:Generated_Source\PSoC5/cyfitter_cfg.c **** 	CY_SET_XTND_REG8((void CYFAR *)(CYREG_CLKDIST_BCFG2), 0x48u);
 266:Generated_Source\PSoC5/cyfitter_cfg.c **** 	CY_SET_XTND_REG8((void CYFAR *)(CYREG_CLKDIST_MSTR0), 0x00u);
 267:Generated_Source\PSoC5/cyfitter_cfg.c **** 	CY_SET_XTND_REG8((void CYFAR *)(CYREG_CLKDIST_LD), 0x02u);
 268:Generated_Source\PSoC5/cyfitter_cfg.c **** 	CY_SET_XTND_REG8((void CYFAR *)(CYREG_CLKDIST_DLY1), 0x04u);
 269:Generated_Source\PSoC5/cyfitter_cfg.c **** 
 270:Generated_Source\PSoC5/cyfitter_cfg.c **** 	CY_SET_XTND_REG8((void CYFAR *)(CYREG_PM_ACT_CFG2), ((CY_GET_XTND_REG8((void CYFAR *)CYREG_PM_ACT_
 271:Generated_Source\PSoC5/cyfitter_cfg.c **** 	CY_SET_XTND_REG8((void CYFAR *)(CYREG_PM_ACT_CFG1), ((CY_GET_XTND_REG8((void CYFAR *)CYREG_PM_ACT_
 272:Generated_Source\PSoC5/cyfitter_cfg.c **** 	CY_SET_XTND_REG8((void CYFAR *)(CYREG_PM_ACT_CFG0), ((CY_GET_XTND_REG8((void CYFAR *)CYREG_PM_ACT_
 273:Generated_Source\PSoC5/cyfitter_cfg.c **** }
ARM GAS  C:\Users\Lukef\AppData\Local\Temp\ccBncuhi.s 			page 8


 274:Generated_Source\PSoC5/cyfitter_cfg.c **** 
 275:Generated_Source\PSoC5/cyfitter_cfg.c **** 
 276:Generated_Source\PSoC5/cyfitter_cfg.c **** /* Analog API Functions */
 277:Generated_Source\PSoC5/cyfitter_cfg.c **** 
 278:Generated_Source\PSoC5/cyfitter_cfg.c **** 
 279:Generated_Source\PSoC5/cyfitter_cfg.c **** /*******************************************************************************
 280:Generated_Source\PSoC5/cyfitter_cfg.c **** * Function Name: AnalogSetDefault
 281:Generated_Source\PSoC5/cyfitter_cfg.c **** ********************************************************************************
 282:Generated_Source\PSoC5/cyfitter_cfg.c **** *
 283:Generated_Source\PSoC5/cyfitter_cfg.c **** * Summary:
 284:Generated_Source\PSoC5/cyfitter_cfg.c **** *  Sets up the analog portions of the chip to default values based on chip
 285:Generated_Source\PSoC5/cyfitter_cfg.c **** *  configuration options from the project.
 286:Generated_Source\PSoC5/cyfitter_cfg.c **** *
 287:Generated_Source\PSoC5/cyfitter_cfg.c **** * Parameters:
 288:Generated_Source\PSoC5/cyfitter_cfg.c **** *  void
 289:Generated_Source\PSoC5/cyfitter_cfg.c **** *
 290:Generated_Source\PSoC5/cyfitter_cfg.c **** * Return:
 291:Generated_Source\PSoC5/cyfitter_cfg.c **** *  void
 292:Generated_Source\PSoC5/cyfitter_cfg.c **** *
 293:Generated_Source\PSoC5/cyfitter_cfg.c **** *******************************************************************************/
 294:Generated_Source\PSoC5/cyfitter_cfg.c **** static void AnalogSetDefault(void);
 295:Generated_Source\PSoC5/cyfitter_cfg.c **** static void AnalogSetDefault(void)
 296:Generated_Source\PSoC5/cyfitter_cfg.c **** {
 124              		.loc 1 296 0
 125              		.cfi_startproc
 126              		@ args = 0, pretend = 0, frame = 0
 127              		@ frame_needed = 0, uses_anonymous_args = 0
 128              		@ link register save eliminated.
 297:Generated_Source\PSoC5/cyfitter_cfg.c **** 	uint8 bg_xover_inl_trim = CY_GET_XTND_REG8((void CYFAR *)(CYREG_FLSHID_MFG_CFG_BG_XOVER_INL_TRIM +
 129              		.loc 1 297 0
 130 0000 0F4B     		ldr	r3, .L10
 131 0002 1B78     		ldrb	r3, [r3]	@ zero_extendqisi2
 132 0004 DBB2     		uxtb	r3, r3
 133              	.LVL12:
 298:Generated_Source\PSoC5/cyfitter_cfg.c **** 	CY_SET_XTND_REG8((void CYFAR *)(CYREG_BG_DFT0), (bg_xover_inl_trim & 0x07u));
 134              		.loc 1 298 0
 135 0006 03F00701 		and	r1, r3, #7
 136 000a 0E4A     		ldr	r2, .L10+4
 137 000c 1170     		strb	r1, [r2]
 299:Generated_Source\PSoC5/cyfitter_cfg.c **** 	CY_SET_XTND_REG8((void CYFAR *)(CYREG_BG_DFT1), ((bg_xover_inl_trim >> 4) & 0x0Fu));
 138              		.loc 1 299 0
 139 000e 1B09     		lsrs	r3, r3, #4
 140              	.LVL13:
 141 0010 0132     		adds	r2, r2, #1
 142 0012 1370     		strb	r3, [r2]
 300:Generated_Source\PSoC5/cyfitter_cfg.c **** 	CY_SET_XTND_REG8((void CYFAR *)CYREG_PRT3_AG, 0x18u);
 143              		.loc 1 300 0
 144 0014 1823     		movs	r3, #24
 145 0016 A2F23272 		subw	r2, r2, #1842
 146 001a 1370     		strb	r3, [r2]
 301:Generated_Source\PSoC5/cyfitter_cfg.c **** 	CY_SET_XTND_REG8((void CYFAR *)CYREG_CMP0_SW0, 0x18u);
 147              		.loc 1 301 0
 148 001c 02F68312 		addw	r2, r2, #2435
 149 0020 1370     		strb	r3, [r2]
 302:Generated_Source\PSoC5/cyfitter_cfg.c **** 	CY_SET_XTND_REG8((void CYFAR *)CYREG_DSM0_SW0, 0xA0u);
 150              		.loc 1 302 0
 151 0022 A022     		movs	r2, #160
ARM GAS  C:\Users\Lukef\AppData\Local\Temp\ccBncuhi.s 			page 9


 152 0024 084B     		ldr	r3, .L10+8
 153 0026 1A70     		strb	r2, [r3]
 303:Generated_Source\PSoC5/cyfitter_cfg.c **** 	CY_SET_XTND_REG8((void CYFAR *)CYREG_DSM0_SW4, 0x08u);
 154              		.loc 1 303 0
 155 0028 0822     		movs	r2, #8
 156 002a 0433     		adds	r3, r3, #4
 157 002c 1A70     		strb	r2, [r3]
 304:Generated_Source\PSoC5/cyfitter_cfg.c **** 	CY_SET_XTND_REG8((void CYFAR *)CYREG_BUS_SW0, 0xF0u);
 158              		.loc 1 304 0
 159 002e F022     		movs	r2, #240
 160 0030 5433     		adds	r3, r3, #84
 161 0032 1A70     		strb	r2, [r3]
 305:Generated_Source\PSoC5/cyfitter_cfg.c **** 	CY_SET_XTND_REG8((void CYFAR *)CYREG_PUMP_CR0, 0x44u);
 162              		.loc 1 305 0
 163 0034 4422     		movs	r2, #68
 164 0036 A3F2E223 		subw	r3, r3, #738
 165 003a 1A70     		strb	r2, [r3]
 166 003c 7047     		bx	lr
 167              	.L11:
 168 003e 00BF     		.align	2
 169              	.L10:
 170 0040 CF010049 		.word	1224737231
 171 0044 6E580040 		.word	1073764462
 172 0048 005B0040 		.word	1073765120
 173              		.cfi_endproc
 174              	.LFE6:
 175              		.size	AnalogSetDefault, .-AnalogSetDefault
 176              		.section	.text.CYMEMZERO,"ax",%progbits
 177              		.align	2
 178              		.thumb
 179              		.thumb_func
 180              		.type	CYMEMZERO, %function
 181              	CYMEMZERO:
 182              	.LFB0:
  78:Generated_Source\PSoC5/cyfitter_cfg.c **** 	(void)memset(s, 0, n);
 183              		.loc 1 78 0
 184              		.cfi_startproc
 185              		@ args = 0, pretend = 0, frame = 0
 186              		@ frame_needed = 0, uses_anonymous_args = 0
 187              	.LVL14:
 188 0000 08B5     		push	{r3, lr}
 189              		.cfi_def_cfa_offset 8
 190              		.cfi_offset 3, -8
 191              		.cfi_offset 14, -4
  79:Generated_Source\PSoC5/cyfitter_cfg.c **** }
 192              		.loc 1 79 0
 193 0002 0A46     		mov	r2, r1
 194 0004 0021     		movs	r1, #0
 195              	.LVL15:
 196 0006 FFF7FEFF 		bl	memset
 197              	.LVL16:
 198 000a 08BD     		pop	{r3, pc}
 199              		.cfi_endproc
 200              	.LFE0:
 201              		.size	CYMEMZERO, .-CYMEMZERO
 202              		.section	.text.CYCONFIGCPY,"ax",%progbits
 203              		.align	2
ARM GAS  C:\Users\Lukef\AppData\Local\Temp\ccBncuhi.s 			page 10


 204              		.thumb
 205              		.thumb_func
 206              		.type	CYCONFIGCPY, %function
 207              	CYCONFIGCPY:
 208              	.LFB1:
  85:Generated_Source\PSoC5/cyfitter_cfg.c **** 	(void)memcpy(dest, src, n);
 209              		.loc 1 85 0
 210              		.cfi_startproc
 211              		@ args = 0, pretend = 0, frame = 0
 212              		@ frame_needed = 0, uses_anonymous_args = 0
 213              	.LVL17:
 214 0000 08B5     		push	{r3, lr}
 215              		.cfi_def_cfa_offset 8
 216              		.cfi_offset 3, -8
 217              		.cfi_offset 14, -4
  86:Generated_Source\PSoC5/cyfitter_cfg.c **** }
 218              		.loc 1 86 0
 219 0002 FFF7FEFF 		bl	memcpy
 220              	.LVL18:
 221 0006 08BD     		pop	{r3, pc}
 222              		.cfi_endproc
 223              	.LFE1:
 224              		.size	CYCONFIGCPY, .-CYCONFIGCPY
 225              		.section	.text.ClockSetup,"ax",%progbits
 226              		.align	2
 227              		.thumb
 228              		.thumb_func
 229              		.type	ClockSetup, %function
 230              	ClockSetup:
 231              	.LFB5:
 225:Generated_Source\PSoC5/cyfitter_cfg.c **** 	uint32 timeout;
 232              		.loc 1 225 0
 233              		.cfi_startproc
 234              		@ args = 0, pretend = 0, frame = 0
 235              		@ frame_needed = 0, uses_anonymous_args = 0
 236 0000 38B5     		push	{r3, r4, r5, lr}
 237              		.cfi_def_cfa_offset 16
 238              		.cfi_offset 3, -16
 239              		.cfi_offset 4, -12
 240              		.cfi_offset 5, -8
 241              		.cfi_offset 14, -4
 231:Generated_Source\PSoC5/cyfitter_cfg.c **** 	CY_SET_XTND_REG8((void CYFAR *)(CYREG_CLKDIST_DCFG0_CFG0 + 0x2u), 0x50u);
 242              		.loc 1 231 0
 243 0002 0024     		movs	r4, #0
 244 0004 2C4B     		ldr	r3, .L22
 245 0006 1C80     		strh	r4, [r3]	@ movhi
 232:Generated_Source\PSoC5/cyfitter_cfg.c **** 
 246              		.loc 1 232 0
 247 0008 5022     		movs	r2, #80
 248 000a 0233     		adds	r3, r3, #2
 249 000c 1A70     		strb	r2, [r3]
 235:Generated_Source\PSoC5/cyfitter_cfg.c **** 
 250              		.loc 1 235 0
 251 000e 0422     		movs	r2, #4
 252 0010 2A49     		ldr	r1, .L22+4
 253 0012 2B48     		ldr	r0, .L22+8
 254 0014 FFF7FEFF 		bl	CYCONFIGCPY
ARM GAS  C:\Users\Lukef\AppData\Local\Temp\ccBncuhi.s 			page 11


 255              	.LVL19:
 238:Generated_Source\PSoC5/cyfitter_cfg.c **** 	CY_SET_XTND_REG8((void CYFAR *)(CYREG_CLKDIST_CR), 0x08u);
 256              		.loc 1 238 0
 257 0018 0222     		movs	r2, #2
 258 001a 2A4B     		ldr	r3, .L22+12
 259 001c 1A70     		strb	r2, [r3]
 239:Generated_Source\PSoC5/cyfitter_cfg.c **** 
 260              		.loc 1 239 0
 261 001e 0822     		movs	r2, #8
 262 0020 4FF04023 		mov	r3, #1073758208
 263 0024 1A70     		strb	r2, [r3]
 242:Generated_Source\PSoC5/cyfitter_cfg.c **** 	CY_SET_XTND_REG8((void CYFAR *)(CYREG_IMO_TR1), (CY_GET_XTND_REG8((void CYFAR *)CYREG_FLSHID_CUST_
 264              		.loc 1 242 0
 265 0026 0321     		movs	r1, #3
 266 0028 03F50073 		add	r3, r3, #512
 267 002c 1970     		strb	r1, [r3]
 243:Generated_Source\PSoC5/cyfitter_cfg.c **** 
 268              		.loc 1 243 0
 269 002e 264B     		ldr	r3, .L22+16
 270 0030 1B78     		ldrb	r3, [r3]	@ zero_extendqisi2
 271 0032 DBB2     		uxtb	r3, r3
 272 0034 2549     		ldr	r1, .L22+20
 273 0036 0B70     		strb	r3, [r1]
 246:Generated_Source\PSoC5/cyfitter_cfg.c **** 	CY_SET_XTND_REG16((void CYFAR *)(CYREG_FASTCLK_PLL_CFG0), 0x1251u);
 274              		.loc 1 246 0
 275 0038 254B     		ldr	r3, .L22+24
 276 003a 1A80     		strh	r2, [r3]	@ movhi
 247:Generated_Source\PSoC5/cyfitter_cfg.c **** 	/* Wait up to 250us for the PLL to lock */
 277              		.loc 1 247 0
 278 003c 41F25122 		movw	r2, #4689
 279 0040 023B     		subs	r3, r3, #2
 280 0042 1A80     		strh	r2, [r3]	@ movhi
 281              	.LVL20:
 250:Generated_Source\PSoC5/cyfitter_cfg.c **** 	{ 
 282              		.loc 1 250 0
 283 0044 1925     		movs	r5, #25
 284 0046 0CE0     		b	.L17
 285              	.LVL21:
 286              	.L19:
 252:Generated_Source\PSoC5/cyfitter_cfg.c **** 		CyDelayCycles(10u * 48u); /* Delay 10us based on 48MHz clock */
 287              		.loc 1 252 0 discriminator 4
 288 0048 224B     		ldr	r3, .L22+28
 289 004a 1B78     		ldrb	r3, [r3]	@ zero_extendqisi2
 290 004c 03F00103 		and	r3, r3, #1
 291 0050 43EA4404 		orr	r4, r3, r4, lsl #1
 292              	.LVL22:
 293 0054 04F00304 		and	r4, r4, #3
 294              	.LVL23:
 253:Generated_Source\PSoC5/cyfitter_cfg.c **** 	}
 295              		.loc 1 253 0 discriminator 4
 296 0058 4FF4F070 		mov	r0, #480
 297 005c FFF7FEFF 		bl	CyDelayCycles
 298              	.LVL24:
 250:Generated_Source\PSoC5/cyfitter_cfg.c **** 	{ 
 299              		.loc 1 250 0 discriminator 4
 300 0060 013D     		subs	r5, r5, #1
 301              	.LVL25:
ARM GAS  C:\Users\Lukef\AppData\Local\Temp\ccBncuhi.s 			page 12


 302              	.L17:
 250:Generated_Source\PSoC5/cyfitter_cfg.c **** 	{ 
 303              		.loc 1 250 0 is_stmt 0 discriminator 1
 304 0062 0DB1     		cbz	r5, .L18
 250:Generated_Source\PSoC5/cyfitter_cfg.c **** 	{ 
 305              		.loc 1 250 0 discriminator 3
 306 0064 032C     		cmp	r4, #3
 307 0066 EFD1     		bne	.L19
 308              	.L18:
 256:Generated_Source\PSoC5/cyfitter_cfg.c **** 	{
 309              		.loc 1 256 0 is_stmt 1
 310 0068 15B9     		cbnz	r5, .L20
 258:Generated_Source\PSoC5/cyfitter_cfg.c **** 	}
 311              		.loc 1 258 0
 312 006a 0320     		movs	r0, #3
 313 006c FFF7FEFF 		bl	CyClockStartupError
 314              	.LVL26:
 315              	.L20:
 262:Generated_Source\PSoC5/cyfitter_cfg.c **** 	CY_SET_XTND_REG8((void CYFAR *)(CYREG_CLKDIST_MSTR0), 0x07u);
 316              		.loc 1 262 0
 317 0070 194B     		ldr	r3, .L22+32
 318 0072 4FF48072 		mov	r2, #256
 319 0076 1A80     		strh	r2, [r3]	@ movhi
 263:Generated_Source\PSoC5/cyfitter_cfg.c **** 	CY_SET_XTND_REG8((void CYFAR *)(CYREG_CLKDIST_BCFG0), 0x00u);
 320              		.loc 1 263 0
 321 0078 0722     		movs	r2, #7
 322 007a 1A70     		strb	r2, [r3]
 264:Generated_Source\PSoC5/cyfitter_cfg.c **** 	CY_SET_XTND_REG8((void CYFAR *)(CYREG_CLKDIST_BCFG2), 0x48u);
 323              		.loc 1 264 0
 324 007c 0022     		movs	r2, #0
 325 007e 1749     		ldr	r1, .L22+36
 326 0080 0A70     		strb	r2, [r1]
 265:Generated_Source\PSoC5/cyfitter_cfg.c **** 	CY_SET_XTND_REG8((void CYFAR *)(CYREG_CLKDIST_MSTR0), 0x00u);
 327              		.loc 1 265 0
 328 0082 4820     		movs	r0, #72
 329 0084 0231     		adds	r1, r1, #2
 330 0086 0870     		strb	r0, [r1]
 266:Generated_Source\PSoC5/cyfitter_cfg.c **** 	CY_SET_XTND_REG8((void CYFAR *)(CYREG_CLKDIST_LD), 0x02u);
 331              		.loc 1 266 0
 332 0088 1A70     		strb	r2, [r3]
 267:Generated_Source\PSoC5/cyfitter_cfg.c **** 	CY_SET_XTND_REG8((void CYFAR *)(CYREG_CLKDIST_DLY1), 0x04u);
 333              		.loc 1 267 0
 334 008a 0222     		movs	r2, #2
 335 008c 033B     		subs	r3, r3, #3
 336 008e 1A70     		strb	r2, [r3]
 268:Generated_Source\PSoC5/cyfitter_cfg.c **** 
 337              		.loc 1 268 0
 338 0090 0422     		movs	r2, #4
 339 0092 0A33     		adds	r3, r3, #10
 340 0094 1A70     		strb	r2, [r3]
 270:Generated_Source\PSoC5/cyfitter_cfg.c **** 	CY_SET_XTND_REG8((void CYFAR *)(CYREG_PM_ACT_CFG1), ((CY_GET_XTND_REG8((void CYFAR *)CYREG_PM_ACT_
 341              		.loc 1 270 0
 342 0096 124A     		ldr	r2, .L22+40
 343 0098 1378     		ldrb	r3, [r2]	@ zero_extendqisi2
 344 009a 43F00103 		orr	r3, r3, #1
 345 009e 1370     		strb	r3, [r2]
 271:Generated_Source\PSoC5/cyfitter_cfg.c **** 	CY_SET_XTND_REG8((void CYFAR *)(CYREG_PM_ACT_CFG0), ((CY_GET_XTND_REG8((void CYFAR *)CYREG_PM_ACT_
ARM GAS  C:\Users\Lukef\AppData\Local\Temp\ccBncuhi.s 			page 13


 346              		.loc 1 271 0
 347 00a0 013A     		subs	r2, r2, #1
 348 00a2 1378     		ldrb	r3, [r2]	@ zero_extendqisi2
 349 00a4 43F00103 		orr	r3, r3, #1
 350 00a8 1370     		strb	r3, [r2]
 272:Generated_Source\PSoC5/cyfitter_cfg.c **** }
 351              		.loc 1 272 0
 352 00aa 013A     		subs	r2, r2, #1
 353 00ac 1378     		ldrb	r3, [r2]	@ zero_extendqisi2
 354 00ae 43F08003 		orr	r3, r3, #128
 355 00b2 1370     		strb	r3, [r2]
 356 00b4 38BD     		pop	{r3, r4, r5, pc}
 357              	.LVL27:
 358              	.L23:
 359 00b6 00BF     		.align	2
 360              	.L22:
 361 00b8 80400040 		.word	1073758336
 362 00bc 7C000048 		.word	1207959676
 363 00c0 00410040 		.word	1073758464
 364 00c4 00430040 		.word	1073758976
 365 00c8 08010049 		.word	1224737032
 366 00cc A1460040 		.word	1073759905
 367 00d0 22420040 		.word	1073758754
 368 00d4 25420040 		.word	1073758757
 369 00d8 04400040 		.word	1073758212
 370 00dc 06400040 		.word	1073758214
 371 00e0 A2430040 		.word	1073759138
 372              		.cfi_endproc
 373              	.LFE5:
 374              		.size	ClockSetup, .-ClockSetup
 375              		.section	.text.SetAnalogRoutingPumps,"ax",%progbits
 376              		.align	2
 377              		.global	SetAnalogRoutingPumps
 378              		.thumb
 379              		.thumb_func
 380              		.type	SetAnalogRoutingPumps, %function
 381              	SetAnalogRoutingPumps:
 382              	.LFB7:
 306:Generated_Source\PSoC5/cyfitter_cfg.c **** }
 307:Generated_Source\PSoC5/cyfitter_cfg.c **** 
 308:Generated_Source\PSoC5/cyfitter_cfg.c **** 
 309:Generated_Source\PSoC5/cyfitter_cfg.c **** /*******************************************************************************
 310:Generated_Source\PSoC5/cyfitter_cfg.c **** * Function Name: SetAnalogRoutingPumps
 311:Generated_Source\PSoC5/cyfitter_cfg.c **** ********************************************************************************
 312:Generated_Source\PSoC5/cyfitter_cfg.c **** *
 313:Generated_Source\PSoC5/cyfitter_cfg.c **** * Summary:
 314:Generated_Source\PSoC5/cyfitter_cfg.c **** * Enables or disables the analog pumps feeding analog routing switches.
 315:Generated_Source\PSoC5/cyfitter_cfg.c **** * Intended to be called at startup, based on the Vdda system configuration;
 316:Generated_Source\PSoC5/cyfitter_cfg.c **** * may be called during operation when the user informs us that the Vdda voltage
 317:Generated_Source\PSoC5/cyfitter_cfg.c **** * crossed the pump threshold.
 318:Generated_Source\PSoC5/cyfitter_cfg.c **** *
 319:Generated_Source\PSoC5/cyfitter_cfg.c **** * Parameters:
 320:Generated_Source\PSoC5/cyfitter_cfg.c **** *  enabled - 1 to enable the pumps, 0 to disable the pumps
 321:Generated_Source\PSoC5/cyfitter_cfg.c **** *
 322:Generated_Source\PSoC5/cyfitter_cfg.c **** * Return:
 323:Generated_Source\PSoC5/cyfitter_cfg.c **** *  void
 324:Generated_Source\PSoC5/cyfitter_cfg.c **** *
ARM GAS  C:\Users\Lukef\AppData\Local\Temp\ccBncuhi.s 			page 14


 325:Generated_Source\PSoC5/cyfitter_cfg.c **** *******************************************************************************/
 326:Generated_Source\PSoC5/cyfitter_cfg.c **** void SetAnalogRoutingPumps(uint8 enabled)
 327:Generated_Source\PSoC5/cyfitter_cfg.c **** {
 383              		.loc 1 327 0
 384              		.cfi_startproc
 385              		@ args = 0, pretend = 0, frame = 0
 386              		@ frame_needed = 0, uses_anonymous_args = 0
 387              		@ link register save eliminated.
 388              	.LVL28:
 328:Generated_Source\PSoC5/cyfitter_cfg.c **** 	uint8 regValue = CY_GET_XTND_REG8((void CYFAR *)CYREG_PUMP_CR0);
 389              		.loc 1 328 0
 390 0000 054B     		ldr	r3, .L27
 391 0002 1B78     		ldrb	r3, [r3]	@ zero_extendqisi2
 392 0004 DBB2     		uxtb	r3, r3
 393              	.LVL29:
 329:Generated_Source\PSoC5/cyfitter_cfg.c **** 	if (enabled != 0u)
 394              		.loc 1 329 0
 395 0006 10B1     		cbz	r0, .L25
 330:Generated_Source\PSoC5/cyfitter_cfg.c **** 	{
 331:Generated_Source\PSoC5/cyfitter_cfg.c **** 		regValue |= 0x22u;
 396              		.loc 1 331 0
 397 0008 43F02203 		orr	r3, r3, #34
 398              	.LVL30:
 399 000c 01E0     		b	.L26
 400              	.L25:
 332:Generated_Source\PSoC5/cyfitter_cfg.c **** 	}
 333:Generated_Source\PSoC5/cyfitter_cfg.c **** 	else
 334:Generated_Source\PSoC5/cyfitter_cfg.c **** 	{
 335:Generated_Source\PSoC5/cyfitter_cfg.c **** 		regValue &= (uint8)~0x22u;
 401              		.loc 1 335 0
 402 000e 03F0DD03 		and	r3, r3, #221
 403              	.LVL31:
 404              	.L26:
 336:Generated_Source\PSoC5/cyfitter_cfg.c **** 	}
 337:Generated_Source\PSoC5/cyfitter_cfg.c **** 	CY_SET_XTND_REG8((void CYFAR *)CYREG_PUMP_CR0, regValue);
 405              		.loc 1 337 0
 406 0012 014A     		ldr	r2, .L27
 407 0014 1370     		strb	r3, [r2]
 408 0016 7047     		bx	lr
 409              	.L28:
 410              		.align	2
 411              	.L27:
 412 0018 76580040 		.word	1073764470
 413              		.cfi_endproc
 414              	.LFE7:
 415              		.size	SetAnalogRoutingPumps, .-SetAnalogRoutingPumps
 416              		.section	.text.AMux_1_CYAMUXSIDE_A_Set,"ax",%progbits
 417              		.align	2
 418              		.global	AMux_1_CYAMUXSIDE_A_Set
 419              		.thumb
 420              		.thumb_func
 421              		.type	AMux_1_CYAMUXSIDE_A_Set, %function
 422              	AMux_1_CYAMUXSIDE_A_Set:
 423              	.LFB8:
 338:Generated_Source\PSoC5/cyfitter_cfg.c **** }
 339:Generated_Source\PSoC5/cyfitter_cfg.c **** 
 340:Generated_Source\PSoC5/cyfitter_cfg.c **** 
ARM GAS  C:\Users\Lukef\AppData\Local\Temp\ccBncuhi.s 			page 15


 341:Generated_Source\PSoC5/cyfitter_cfg.c **** #define CY_AMUX_UNUSED CYREG_BOOST_SR
 342:Generated_Source\PSoC5/cyfitter_cfg.c **** /* This is an implementation detail of the AMux. Code that depends on it may be
 343:Generated_Source\PSoC5/cyfitter_cfg.c ****    incompatible with other versions of PSoC Creator. */
 344:Generated_Source\PSoC5/cyfitter_cfg.c **** uint8 CYXDATA * const CYCODE AMux_1_CYAMUXSIDE_A__addrTable[6] = {
 345:Generated_Source\PSoC5/cyfitter_cfg.c **** 	(uint8 CYXDATA *)CYREG_PRT3_AG, (uint8 CYXDATA *)CYREG_DSM0_SW0, 
 346:Generated_Source\PSoC5/cyfitter_cfg.c **** 	(uint8 CYXDATA *)CYREG_PRT3_AG, (uint8 CYXDATA *)CY_AMUX_UNUSED, 
 347:Generated_Source\PSoC5/cyfitter_cfg.c **** 	(uint8 CYXDATA *)CYREG_PRT3_AG, (uint8 CYXDATA *)CY_AMUX_UNUSED, 
 348:Generated_Source\PSoC5/cyfitter_cfg.c **** };
 349:Generated_Source\PSoC5/cyfitter_cfg.c **** 
 350:Generated_Source\PSoC5/cyfitter_cfg.c **** /* This is an implementation detail of the AMux. Code that depends on it may be
 351:Generated_Source\PSoC5/cyfitter_cfg.c ****    incompatible with other versions of PSoC Creator. */
 352:Generated_Source\PSoC5/cyfitter_cfg.c **** const uint8 CYCODE AMux_1_CYAMUXSIDE_A__maskTable[6] = {
 353:Generated_Source\PSoC5/cyfitter_cfg.c **** 	0x04u, 0x40u, 
 354:Generated_Source\PSoC5/cyfitter_cfg.c **** 	0x02u, 0x00u, 
 355:Generated_Source\PSoC5/cyfitter_cfg.c **** 	0x20u, 0x00u, 
 356:Generated_Source\PSoC5/cyfitter_cfg.c **** };
 357:Generated_Source\PSoC5/cyfitter_cfg.c **** 
 358:Generated_Source\PSoC5/cyfitter_cfg.c **** /*******************************************************************************
 359:Generated_Source\PSoC5/cyfitter_cfg.c **** * Function Name: AMux_1_CYAMUXSIDE_A_Set
 360:Generated_Source\PSoC5/cyfitter_cfg.c **** ********************************************************************************
 361:Generated_Source\PSoC5/cyfitter_cfg.c **** * Summary:
 362:Generated_Source\PSoC5/cyfitter_cfg.c **** *  This function is used to set a particular channel as active on the AMux.
 363:Generated_Source\PSoC5/cyfitter_cfg.c **** *
 364:Generated_Source\PSoC5/cyfitter_cfg.c **** * Parameters:  
 365:Generated_Source\PSoC5/cyfitter_cfg.c **** *   channel - The mux channel input to set as active
 366:Generated_Source\PSoC5/cyfitter_cfg.c **** *
 367:Generated_Source\PSoC5/cyfitter_cfg.c **** * Return:
 368:Generated_Source\PSoC5/cyfitter_cfg.c **** *   void
 369:Generated_Source\PSoC5/cyfitter_cfg.c **** *
 370:Generated_Source\PSoC5/cyfitter_cfg.c **** *******************************************************************************/
 371:Generated_Source\PSoC5/cyfitter_cfg.c **** void AMux_1_CYAMUXSIDE_A_Set(uint8 channel)
 372:Generated_Source\PSoC5/cyfitter_cfg.c **** {
 424              		.loc 1 372 0
 425              		.cfi_startproc
 426              		@ args = 0, pretend = 0, frame = 0
 427              		@ frame_needed = 0, uses_anonymous_args = 0
 428              		@ link register save eliminated.
 429              	.LVL32:
 373:Generated_Source\PSoC5/cyfitter_cfg.c **** 	if (channel < 3)
 430              		.loc 1 373 0
 431 0000 0228     		cmp	r0, #2
 432 0002 14D8     		bhi	.L33
 372:Generated_Source\PSoC5/cyfitter_cfg.c **** 	if (channel < 3)
 433              		.loc 1 372 0
 434 0004 10B4     		push	{r4}
 435              		.cfi_def_cfa_offset 4
 436              		.cfi_offset 4, -4
 374:Generated_Source\PSoC5/cyfitter_cfg.c **** 	{
 375:Generated_Source\PSoC5/cyfitter_cfg.c **** 		channel += channel;
 437              		.loc 1 375 0
 438 0006 4000     		lsls	r0, r0, #1
 439              	.LVL33:
 440 0008 C0B2     		uxtb	r0, r0
 441              	.LVL34:
 376:Generated_Source\PSoC5/cyfitter_cfg.c **** 		*AMux_1_CYAMUXSIDE_A__addrTable[channel] |= AMux_1_CYAMUXSIDE_A__maskTable[channel];
 442              		.loc 1 376 0
 443 000a 094B     		ldr	r3, .L34
ARM GAS  C:\Users\Lukef\AppData\Local\Temp\ccBncuhi.s 			page 16


 444 000c 53F82010 		ldr	r1, [r3, r0, lsl #2]
 445 0010 1A18     		adds	r2, r3, r0
 446 0012 147E     		ldrb	r4, [r2, #24]	@ zero_extendqisi2
 447 0014 0A78     		ldrb	r2, [r1]	@ zero_extendqisi2
 448 0016 2243     		orrs	r2, r2, r4
 449 0018 0A70     		strb	r2, [r1]
 377:Generated_Source\PSoC5/cyfitter_cfg.c **** 		channel++;
 450              		.loc 1 377 0
 451 001a 0130     		adds	r0, r0, #1
 452              	.LVL35:
 453 001c C0B2     		uxtb	r0, r0
 454              	.LVL36:
 378:Generated_Source\PSoC5/cyfitter_cfg.c **** 		*AMux_1_CYAMUXSIDE_A__addrTable[channel] |= AMux_1_CYAMUXSIDE_A__maskTable[channel];
 455              		.loc 1 378 0
 456 001e 53F82020 		ldr	r2, [r3, r0, lsl #2]
 457 0022 1844     		add	r0, r0, r3
 458              	.LVL37:
 459 0024 017E     		ldrb	r1, [r0, #24]	@ zero_extendqisi2
 460 0026 1378     		ldrb	r3, [r2]	@ zero_extendqisi2
 461 0028 0B43     		orrs	r3, r3, r1
 462 002a 1370     		strb	r3, [r2]
 379:Generated_Source\PSoC5/cyfitter_cfg.c **** 	}
 380:Generated_Source\PSoC5/cyfitter_cfg.c **** }
 463              		.loc 1 380 0
 464 002c 10BC     		pop	{r4}
 465              		.cfi_restore 4
 466              		.cfi_def_cfa_offset 0
 467              	.LVL38:
 468              	.L33:
 469 002e 7047     		bx	lr
 470              	.L35:
 471              		.align	2
 472              	.L34:
 473 0030 00000000 		.word	.LANCHOR0
 474              		.cfi_endproc
 475              	.LFE8:
 476              		.size	AMux_1_CYAMUXSIDE_A_Set, .-AMux_1_CYAMUXSIDE_A_Set
 477              		.section	.text.AMux_1_CYAMUXSIDE_A_Unset,"ax",%progbits
 478              		.align	2
 479              		.global	AMux_1_CYAMUXSIDE_A_Unset
 480              		.thumb
 481              		.thumb_func
 482              		.type	AMux_1_CYAMUXSIDE_A_Unset, %function
 483              	AMux_1_CYAMUXSIDE_A_Unset:
 484              	.LFB9:
 381:Generated_Source\PSoC5/cyfitter_cfg.c **** 
 382:Generated_Source\PSoC5/cyfitter_cfg.c **** /*******************************************************************************
 383:Generated_Source\PSoC5/cyfitter_cfg.c **** * Function Name: AMux_1_CYAMUXSIDE_A_Unset
 384:Generated_Source\PSoC5/cyfitter_cfg.c **** ********************************************************************************
 385:Generated_Source\PSoC5/cyfitter_cfg.c **** * Summary:
 386:Generated_Source\PSoC5/cyfitter_cfg.c **** *  This function is used to clear a particular channel from being active on the
 387:Generated_Source\PSoC5/cyfitter_cfg.c **** *  AMux.
 388:Generated_Source\PSoC5/cyfitter_cfg.c **** *
 389:Generated_Source\PSoC5/cyfitter_cfg.c **** * Parameters:  
 390:Generated_Source\PSoC5/cyfitter_cfg.c **** *   channel - The mux channel input to mark inactive
 391:Generated_Source\PSoC5/cyfitter_cfg.c **** *
 392:Generated_Source\PSoC5/cyfitter_cfg.c **** * Return:
ARM GAS  C:\Users\Lukef\AppData\Local\Temp\ccBncuhi.s 			page 17


 393:Generated_Source\PSoC5/cyfitter_cfg.c **** *   void
 394:Generated_Source\PSoC5/cyfitter_cfg.c **** *
 395:Generated_Source\PSoC5/cyfitter_cfg.c **** *******************************************************************************/
 396:Generated_Source\PSoC5/cyfitter_cfg.c **** void AMux_1_CYAMUXSIDE_A_Unset(uint8 channel)
 397:Generated_Source\PSoC5/cyfitter_cfg.c **** {
 485              		.loc 1 397 0
 486              		.cfi_startproc
 487              		@ args = 0, pretend = 0, frame = 0
 488              		@ frame_needed = 0, uses_anonymous_args = 0
 489              		@ link register save eliminated.
 490              	.LVL39:
 398:Generated_Source\PSoC5/cyfitter_cfg.c **** 	if (channel < 3)
 491              		.loc 1 398 0
 492 0000 0228     		cmp	r0, #2
 493 0002 16D8     		bhi	.L40
 397:Generated_Source\PSoC5/cyfitter_cfg.c **** 	if (channel < 3)
 494              		.loc 1 397 0
 495 0004 10B4     		push	{r4}
 496              		.cfi_def_cfa_offset 4
 497              		.cfi_offset 4, -4
 399:Generated_Source\PSoC5/cyfitter_cfg.c **** 	{
 400:Generated_Source\PSoC5/cyfitter_cfg.c **** 		channel += channel;
 498              		.loc 1 400 0
 499 0006 4000     		lsls	r0, r0, #1
 500              	.LVL40:
 501 0008 C0B2     		uxtb	r0, r0
 502              	.LVL41:
 401:Generated_Source\PSoC5/cyfitter_cfg.c **** 		*AMux_1_CYAMUXSIDE_A__addrTable[channel] &= (uint8)~AMux_1_CYAMUXSIDE_A__maskTable[channel];
 503              		.loc 1 401 0
 504 000a 0A4B     		ldr	r3, .L41
 505 000c 53F82010 		ldr	r1, [r3, r0, lsl #2]
 506 0010 1A18     		adds	r2, r3, r0
 507 0012 147E     		ldrb	r4, [r2, #24]	@ zero_extendqisi2
 508 0014 0A78     		ldrb	r2, [r1]	@ zero_extendqisi2
 509 0016 22EA0402 		bic	r2, r2, r4
 510 001a 0A70     		strb	r2, [r1]
 402:Generated_Source\PSoC5/cyfitter_cfg.c **** 		channel++;
 511              		.loc 1 402 0
 512 001c 0130     		adds	r0, r0, #1
 513              	.LVL42:
 514 001e C0B2     		uxtb	r0, r0
 515              	.LVL43:
 403:Generated_Source\PSoC5/cyfitter_cfg.c **** 		*AMux_1_CYAMUXSIDE_A__addrTable[channel] &= (uint8)~AMux_1_CYAMUXSIDE_A__maskTable[channel];
 516              		.loc 1 403 0
 517 0020 53F82020 		ldr	r2, [r3, r0, lsl #2]
 518 0024 1844     		add	r0, r0, r3
 519              	.LVL44:
 520 0026 017E     		ldrb	r1, [r0, #24]	@ zero_extendqisi2
 521 0028 1378     		ldrb	r3, [r2]	@ zero_extendqisi2
 522 002a 23EA0103 		bic	r3, r3, r1
 523 002e 1370     		strb	r3, [r2]
 404:Generated_Source\PSoC5/cyfitter_cfg.c **** 	}
 405:Generated_Source\PSoC5/cyfitter_cfg.c **** }
 524              		.loc 1 405 0
 525 0030 10BC     		pop	{r4}
 526              		.cfi_restore 4
 527              		.cfi_def_cfa_offset 0
ARM GAS  C:\Users\Lukef\AppData\Local\Temp\ccBncuhi.s 			page 18


 528              	.LVL45:
 529              	.L40:
 530 0032 7047     		bx	lr
 531              	.L42:
 532              		.align	2
 533              	.L41:
 534 0034 00000000 		.word	.LANCHOR0
 535              		.cfi_endproc
 536              	.LFE9:
 537              		.size	AMux_1_CYAMUXSIDE_A_Unset, .-AMux_1_CYAMUXSIDE_A_Unset
 538              		.section	.text.AMux_1_CYAMUXSIDE_B_Set,"ax",%progbits
 539              		.align	2
 540              		.global	AMux_1_CYAMUXSIDE_B_Set
 541              		.thumb
 542              		.thumb_func
 543              		.type	AMux_1_CYAMUXSIDE_B_Set, %function
 544              	AMux_1_CYAMUXSIDE_B_Set:
 545              	.LFB10:
 406:Generated_Source\PSoC5/cyfitter_cfg.c **** 
 407:Generated_Source\PSoC5/cyfitter_cfg.c **** /* This is an implementation detail of the AMux. Code that depends on it may be
 408:Generated_Source\PSoC5/cyfitter_cfg.c ****    incompatible with other versions of PSoC Creator. */
 409:Generated_Source\PSoC5/cyfitter_cfg.c **** uint8 CYXDATA * const CYCODE AMux_1_CYAMUXSIDE_B__addrTable[6] = {
 410:Generated_Source\PSoC5/cyfitter_cfg.c **** 	(uint8 CYXDATA *)CYREG_DAC3_SW3, (uint8 CYXDATA *)CYREG_DAC3_SW4, 
 411:Generated_Source\PSoC5/cyfitter_cfg.c **** 	(uint8 CYXDATA *)CYREG_PRT3_AG, (uint8 CYXDATA *)CY_AMUX_UNUSED, 
 412:Generated_Source\PSoC5/cyfitter_cfg.c **** 	(uint8 CYXDATA *)CYREG_PRT3_AMUX, (uint8 CYXDATA *)CY_AMUX_UNUSED, 
 413:Generated_Source\PSoC5/cyfitter_cfg.c **** };
 414:Generated_Source\PSoC5/cyfitter_cfg.c **** 
 415:Generated_Source\PSoC5/cyfitter_cfg.c **** /* This is an implementation detail of the AMux. Code that depends on it may be
 416:Generated_Source\PSoC5/cyfitter_cfg.c ****    incompatible with other versions of PSoC Creator. */
 417:Generated_Source\PSoC5/cyfitter_cfg.c **** const uint8 CYCODE AMux_1_CYAMUXSIDE_B__maskTable[6] = {
 418:Generated_Source\PSoC5/cyfitter_cfg.c **** 	0x80u, 0x10u, 
 419:Generated_Source\PSoC5/cyfitter_cfg.c **** 	0x01u, 0x00u, 
 420:Generated_Source\PSoC5/cyfitter_cfg.c **** 	0x50u, 0x00u, 
 421:Generated_Source\PSoC5/cyfitter_cfg.c **** };
 422:Generated_Source\PSoC5/cyfitter_cfg.c **** 
 423:Generated_Source\PSoC5/cyfitter_cfg.c **** /*******************************************************************************
 424:Generated_Source\PSoC5/cyfitter_cfg.c **** * Function Name: AMux_1_CYAMUXSIDE_B_Set
 425:Generated_Source\PSoC5/cyfitter_cfg.c **** ********************************************************************************
 426:Generated_Source\PSoC5/cyfitter_cfg.c **** * Summary:
 427:Generated_Source\PSoC5/cyfitter_cfg.c **** *  This function is used to set a particular channel as active on the AMux.
 428:Generated_Source\PSoC5/cyfitter_cfg.c **** *
 429:Generated_Source\PSoC5/cyfitter_cfg.c **** * Parameters:  
 430:Generated_Source\PSoC5/cyfitter_cfg.c **** *   channel - The mux channel input to set as active
 431:Generated_Source\PSoC5/cyfitter_cfg.c **** *
 432:Generated_Source\PSoC5/cyfitter_cfg.c **** * Return:
 433:Generated_Source\PSoC5/cyfitter_cfg.c **** *   void
 434:Generated_Source\PSoC5/cyfitter_cfg.c **** *
 435:Generated_Source\PSoC5/cyfitter_cfg.c **** *******************************************************************************/
 436:Generated_Source\PSoC5/cyfitter_cfg.c **** void AMux_1_CYAMUXSIDE_B_Set(uint8 channel)
 437:Generated_Source\PSoC5/cyfitter_cfg.c **** {
 546              		.loc 1 437 0
 547              		.cfi_startproc
 548              		@ args = 0, pretend = 0, frame = 0
 549              		@ frame_needed = 0, uses_anonymous_args = 0
 550              		@ link register save eliminated.
 551              	.LVL46:
 438:Generated_Source\PSoC5/cyfitter_cfg.c **** 	if (channel < 3)
ARM GAS  C:\Users\Lukef\AppData\Local\Temp\ccBncuhi.s 			page 19


 552              		.loc 1 438 0
 553 0000 0228     		cmp	r0, #2
 554 0002 18D8     		bhi	.L47
 437:Generated_Source\PSoC5/cyfitter_cfg.c **** 	if (channel < 3)
 555              		.loc 1 437 0
 556 0004 10B4     		push	{r4}
 557              		.cfi_def_cfa_offset 4
 558              		.cfi_offset 4, -4
 439:Generated_Source\PSoC5/cyfitter_cfg.c **** 	{
 440:Generated_Source\PSoC5/cyfitter_cfg.c **** 		channel += channel;
 559              		.loc 1 440 0
 560 0006 4000     		lsls	r0, r0, #1
 561              	.LVL47:
 562 0008 C0B2     		uxtb	r0, r0
 563              	.LVL48:
 441:Generated_Source\PSoC5/cyfitter_cfg.c **** 		*AMux_1_CYAMUXSIDE_B__addrTable[channel] |= AMux_1_CYAMUXSIDE_B__maskTable[channel];
 564              		.loc 1 441 0
 565 000a 0B4B     		ldr	r3, .L48
 566 000c 03EB8002 		add	r2, r3, r0, lsl #2
 567 0010 116A     		ldr	r1, [r2, #32]
 568 0012 1A18     		adds	r2, r3, r0
 569 0014 92F83840 		ldrb	r4, [r2, #56]	@ zero_extendqisi2
 570 0018 0A78     		ldrb	r2, [r1]	@ zero_extendqisi2
 571 001a 2243     		orrs	r2, r2, r4
 572 001c 0A70     		strb	r2, [r1]
 442:Generated_Source\PSoC5/cyfitter_cfg.c **** 		channel++;
 573              		.loc 1 442 0
 574 001e 0130     		adds	r0, r0, #1
 575              	.LVL49:
 576 0020 C0B2     		uxtb	r0, r0
 577              	.LVL50:
 443:Generated_Source\PSoC5/cyfitter_cfg.c **** 		*AMux_1_CYAMUXSIDE_B__addrTable[channel] |= AMux_1_CYAMUXSIDE_B__maskTable[channel];
 578              		.loc 1 443 0
 579 0022 03EB8002 		add	r2, r3, r0, lsl #2
 580 0026 126A     		ldr	r2, [r2, #32]
 581 0028 1844     		add	r0, r0, r3
 582              	.LVL51:
 583 002a 90F83810 		ldrb	r1, [r0, #56]	@ zero_extendqisi2
 584 002e 1378     		ldrb	r3, [r2]	@ zero_extendqisi2
 585 0030 0B43     		orrs	r3, r3, r1
 586 0032 1370     		strb	r3, [r2]
 444:Generated_Source\PSoC5/cyfitter_cfg.c **** 	}
 445:Generated_Source\PSoC5/cyfitter_cfg.c **** }
 587              		.loc 1 445 0
 588 0034 10BC     		pop	{r4}
 589              		.cfi_restore 4
 590              		.cfi_def_cfa_offset 0
 591              	.LVL52:
 592              	.L47:
 593 0036 7047     		bx	lr
 594              	.L49:
 595              		.align	2
 596              	.L48:
 597 0038 00000000 		.word	.LANCHOR0
 598              		.cfi_endproc
 599              	.LFE10:
 600              		.size	AMux_1_CYAMUXSIDE_B_Set, .-AMux_1_CYAMUXSIDE_B_Set
ARM GAS  C:\Users\Lukef\AppData\Local\Temp\ccBncuhi.s 			page 20


 601              		.section	.text.AMux_1_CYAMUXSIDE_B_Unset,"ax",%progbits
 602              		.align	2
 603              		.global	AMux_1_CYAMUXSIDE_B_Unset
 604              		.thumb
 605              		.thumb_func
 606              		.type	AMux_1_CYAMUXSIDE_B_Unset, %function
 607              	AMux_1_CYAMUXSIDE_B_Unset:
 608              	.LFB11:
 446:Generated_Source\PSoC5/cyfitter_cfg.c **** 
 447:Generated_Source\PSoC5/cyfitter_cfg.c **** /*******************************************************************************
 448:Generated_Source\PSoC5/cyfitter_cfg.c **** * Function Name: AMux_1_CYAMUXSIDE_B_Unset
 449:Generated_Source\PSoC5/cyfitter_cfg.c **** ********************************************************************************
 450:Generated_Source\PSoC5/cyfitter_cfg.c **** * Summary:
 451:Generated_Source\PSoC5/cyfitter_cfg.c **** *  This function is used to clear a particular channel from being active on the
 452:Generated_Source\PSoC5/cyfitter_cfg.c **** *  AMux.
 453:Generated_Source\PSoC5/cyfitter_cfg.c **** *
 454:Generated_Source\PSoC5/cyfitter_cfg.c **** * Parameters:  
 455:Generated_Source\PSoC5/cyfitter_cfg.c **** *   channel - The mux channel input to mark inactive
 456:Generated_Source\PSoC5/cyfitter_cfg.c **** *
 457:Generated_Source\PSoC5/cyfitter_cfg.c **** * Return:
 458:Generated_Source\PSoC5/cyfitter_cfg.c **** *   void
 459:Generated_Source\PSoC5/cyfitter_cfg.c **** *
 460:Generated_Source\PSoC5/cyfitter_cfg.c **** *******************************************************************************/
 461:Generated_Source\PSoC5/cyfitter_cfg.c **** void AMux_1_CYAMUXSIDE_B_Unset(uint8 channel)
 462:Generated_Source\PSoC5/cyfitter_cfg.c **** {
 609              		.loc 1 462 0
 610              		.cfi_startproc
 611              		@ args = 0, pretend = 0, frame = 0
 612              		@ frame_needed = 0, uses_anonymous_args = 0
 613              		@ link register save eliminated.
 614              	.LVL53:
 463:Generated_Source\PSoC5/cyfitter_cfg.c **** 	if (channel < 3)
 615              		.loc 1 463 0
 616 0000 0228     		cmp	r0, #2
 617 0002 1AD8     		bhi	.L54
 462:Generated_Source\PSoC5/cyfitter_cfg.c **** 	if (channel < 3)
 618              		.loc 1 462 0
 619 0004 10B4     		push	{r4}
 620              		.cfi_def_cfa_offset 4
 621              		.cfi_offset 4, -4
 464:Generated_Source\PSoC5/cyfitter_cfg.c **** 	{
 465:Generated_Source\PSoC5/cyfitter_cfg.c **** 		channel += channel;
 622              		.loc 1 465 0
 623 0006 4000     		lsls	r0, r0, #1
 624              	.LVL54:
 625 0008 C0B2     		uxtb	r0, r0
 626              	.LVL55:
 466:Generated_Source\PSoC5/cyfitter_cfg.c **** 		*AMux_1_CYAMUXSIDE_B__addrTable[channel] &= (uint8)~AMux_1_CYAMUXSIDE_B__maskTable[channel];
 627              		.loc 1 466 0
 628 000a 0C4B     		ldr	r3, .L55
 629 000c 03EB8002 		add	r2, r3, r0, lsl #2
 630 0010 116A     		ldr	r1, [r2, #32]
 631 0012 1A18     		adds	r2, r3, r0
 632 0014 92F83840 		ldrb	r4, [r2, #56]	@ zero_extendqisi2
 633 0018 0A78     		ldrb	r2, [r1]	@ zero_extendqisi2
 634 001a 22EA0402 		bic	r2, r2, r4
 635 001e 0A70     		strb	r2, [r1]
ARM GAS  C:\Users\Lukef\AppData\Local\Temp\ccBncuhi.s 			page 21


 467:Generated_Source\PSoC5/cyfitter_cfg.c **** 		channel++;
 636              		.loc 1 467 0
 637 0020 0130     		adds	r0, r0, #1
 638              	.LVL56:
 639 0022 C0B2     		uxtb	r0, r0
 640              	.LVL57:
 468:Generated_Source\PSoC5/cyfitter_cfg.c **** 		*AMux_1_CYAMUXSIDE_B__addrTable[channel] &= (uint8)~AMux_1_CYAMUXSIDE_B__maskTable[channel];
 641              		.loc 1 468 0
 642 0024 03EB8002 		add	r2, r3, r0, lsl #2
 643 0028 126A     		ldr	r2, [r2, #32]
 644 002a 1844     		add	r0, r0, r3
 645              	.LVL58:
 646 002c 90F83810 		ldrb	r1, [r0, #56]	@ zero_extendqisi2
 647 0030 1378     		ldrb	r3, [r2]	@ zero_extendqisi2
 648 0032 23EA0103 		bic	r3, r3, r1
 649 0036 1370     		strb	r3, [r2]
 469:Generated_Source\PSoC5/cyfitter_cfg.c **** 	}
 470:Generated_Source\PSoC5/cyfitter_cfg.c **** }
 650              		.loc 1 470 0
 651 0038 10BC     		pop	{r4}
 652              		.cfi_restore 4
 653              		.cfi_def_cfa_offset 0
 654              	.LVL59:
 655              	.L54:
 656 003a 7047     		bx	lr
 657              	.L56:
 658              		.align	2
 659              	.L55:
 660 003c 00000000 		.word	.LANCHOR0
 661              		.cfi_endproc
 662              	.LFE11:
 663              		.size	AMux_1_CYAMUXSIDE_B_Unset, .-AMux_1_CYAMUXSIDE_B_Unset
 664              		.section	.text.cyfitter_cfg,"ax",%progbits
 665              		.align	2
 666              		.global	cyfitter_cfg
 667              		.thumb
 668              		.thumb_func
 669              		.type	cyfitter_cfg, %function
 670              	cyfitter_cfg:
 671              	.LFB12:
 471:Generated_Source\PSoC5/cyfitter_cfg.c **** 
 472:Generated_Source\PSoC5/cyfitter_cfg.c **** 
 473:Generated_Source\PSoC5/cyfitter_cfg.c **** 
 474:Generated_Source\PSoC5/cyfitter_cfg.c **** /*******************************************************************************
 475:Generated_Source\PSoC5/cyfitter_cfg.c **** * Function Name: cyfitter_cfg
 476:Generated_Source\PSoC5/cyfitter_cfg.c **** ********************************************************************************
 477:Generated_Source\PSoC5/cyfitter_cfg.c **** * Summary:
 478:Generated_Source\PSoC5/cyfitter_cfg.c **** *  This function is called by the start-up code for the selected device. It
 479:Generated_Source\PSoC5/cyfitter_cfg.c **** *  performs all of the necessary device configuration based on the design
 480:Generated_Source\PSoC5/cyfitter_cfg.c **** *  settings.  This includes settings from the Design Wide Resources (DWR) such
 481:Generated_Source\PSoC5/cyfitter_cfg.c **** *  as Clocks and Pins as well as any component configuration that is necessary.
 482:Generated_Source\PSoC5/cyfitter_cfg.c **** *
 483:Generated_Source\PSoC5/cyfitter_cfg.c **** * Parameters:
 484:Generated_Source\PSoC5/cyfitter_cfg.c **** *   void
 485:Generated_Source\PSoC5/cyfitter_cfg.c **** *
 486:Generated_Source\PSoC5/cyfitter_cfg.c **** * Return:
 487:Generated_Source\PSoC5/cyfitter_cfg.c **** *   void
ARM GAS  C:\Users\Lukef\AppData\Local\Temp\ccBncuhi.s 			page 22


 488:Generated_Source\PSoC5/cyfitter_cfg.c **** *
 489:Generated_Source\PSoC5/cyfitter_cfg.c **** *******************************************************************************/
 490:Generated_Source\PSoC5/cyfitter_cfg.c **** 
 491:Generated_Source\PSoC5/cyfitter_cfg.c **** void cyfitter_cfg(void)
 492:Generated_Source\PSoC5/cyfitter_cfg.c **** {
 672              		.loc 1 492 0
 673              		.cfi_startproc
 674              		@ args = 0, pretend = 0, frame = 0
 675              		@ frame_needed = 0, uses_anonymous_args = 0
 676 0000 38B5     		push	{r3, r4, r5, lr}
 677              		.cfi_def_cfa_offset 16
 678              		.cfi_offset 3, -16
 679              		.cfi_offset 4, -12
 680              		.cfi_offset 5, -8
 681              		.cfi_offset 14, -4
 493:Generated_Source\PSoC5/cyfitter_cfg.c **** #ifdef CYGlobalIntDisable
 494:Generated_Source\PSoC5/cyfitter_cfg.c **** 	/* Disable interrupts by default. Let user enable if/when they want. */
 495:Generated_Source\PSoC5/cyfitter_cfg.c **** 	CYGlobalIntDisable
 682              		.loc 1 495 0
 683              		.syntax unified
 684              	@ 495 "Generated_Source\PSoC5\cyfitter_cfg.c" 1
 685 0002 72B6     		CPSID   i
 686              	@ 0 "" 2
 496:Generated_Source\PSoC5/cyfitter_cfg.c **** #endif
 497:Generated_Source\PSoC5/cyfitter_cfg.c **** 
 498:Generated_Source\PSoC5/cyfitter_cfg.c **** 	/* Enable/Disable Debug functionality based on settings from System DWR */
 499:Generated_Source\PSoC5/cyfitter_cfg.c **** 	CY_SET_XTND_REG8((void CYFAR *)CYREG_MLOGIC_DEBUG, (CY_GET_XTND_REG8((void CYFAR *)CYREG_MLOGIC_DE
 687              		.loc 1 499 0
 688              		.thumb
 689              		.syntax unified
 690 0004 2C4A     		ldr	r2, .L61
 691 0006 1378     		ldrb	r3, [r2]	@ zero_extendqisi2
 692 0008 43F00403 		orr	r3, r3, #4
 693 000c 1370     		strb	r3, [r2]
 694              	.LVL60:
 695              	.LBB3:
 500:Generated_Source\PSoC5/cyfitter_cfg.c **** 
 501:Generated_Source\PSoC5/cyfitter_cfg.c **** 	{
 502:Generated_Source\PSoC5/cyfitter_cfg.c **** 
 503:Generated_Source\PSoC5/cyfitter_cfg.c **** 		CYPACKED typedef struct {
 504:Generated_Source\PSoC5/cyfitter_cfg.c **** 			void CYFAR *address;
 505:Generated_Source\PSoC5/cyfitter_cfg.c **** 			uint16 size;
 506:Generated_Source\PSoC5/cyfitter_cfg.c **** 		} CYPACKED_ATTR cfg_memset_t;
 507:Generated_Source\PSoC5/cyfitter_cfg.c **** 
 508:Generated_Source\PSoC5/cyfitter_cfg.c **** 		static const cfg_memset_t CYCODE cfg_memset_list[] = {
 509:Generated_Source\PSoC5/cyfitter_cfg.c **** 			/* address, size */
 510:Generated_Source\PSoC5/cyfitter_cfg.c **** 			{(void CYFAR *)(CYREG_PRT0_DR), 16u},
 511:Generated_Source\PSoC5/cyfitter_cfg.c **** 			{(void CYFAR *)(CYREG_PRT2_DR), 16u},
 512:Generated_Source\PSoC5/cyfitter_cfg.c **** 			{(void CYFAR *)(CYREG_PRT4_DR), 48u},
 513:Generated_Source\PSoC5/cyfitter_cfg.c **** 			{(void CYFAR *)(CYREG_PRT15_DR), 16u},
 514:Generated_Source\PSoC5/cyfitter_cfg.c **** 			{(void CYFAR *)(CYDEV_UCFG_B0_P0_U0_BASE), 4096u},
 515:Generated_Source\PSoC5/cyfitter_cfg.c **** 			{(void CYFAR *)(CYDEV_UCFG_B1_P2_U0_BASE), 2048u},
 516:Generated_Source\PSoC5/cyfitter_cfg.c **** 			{(void CYFAR *)(CYDEV_UCFG_DSI0_BASE), 2560u},
 517:Generated_Source\PSoC5/cyfitter_cfg.c **** 			{(void CYFAR *)(CYDEV_UCFG_DSI12_BASE), 512u},
 518:Generated_Source\PSoC5/cyfitter_cfg.c **** 			{(void CYFAR *)(CYREG_BCTL0_MDCLK_EN), 32u},
 519:Generated_Source\PSoC5/cyfitter_cfg.c **** 		};
 520:Generated_Source\PSoC5/cyfitter_cfg.c **** 
ARM GAS  C:\Users\Lukef\AppData\Local\Temp\ccBncuhi.s 			page 23


 521:Generated_Source\PSoC5/cyfitter_cfg.c **** 		uint8 CYDATA i;
 522:Generated_Source\PSoC5/cyfitter_cfg.c **** 
 523:Generated_Source\PSoC5/cyfitter_cfg.c **** 		/* Zero out critical memory blocks before beginning configuration */
 524:Generated_Source\PSoC5/cyfitter_cfg.c **** 		for (i = 0u; i < (sizeof(cfg_memset_list)/sizeof(cfg_memset_list[0])); i++)
 696              		.loc 1 524 0
 697 000e 0024     		movs	r4, #0
 698 0010 0CE0     		b	.L58
 699              	.LVL61:
 700              	.L59:
 701              	.LBB4:
 525:Generated_Source\PSoC5/cyfitter_cfg.c **** 		{
 526:Generated_Source\PSoC5/cyfitter_cfg.c **** 			const cfg_memset_t CYCODE * CYDATA ms = &cfg_memset_list[i];
 527:Generated_Source\PSoC5/cyfitter_cfg.c **** 			CYMEMZERO(ms->address, (size_t)(uint32)(ms->size));
 702              		.loc 1 527 0 discriminator 3
 703 0012 2A48     		ldr	r0, .L61+4
 704 0014 6300     		lsls	r3, r4, #1
 705 0016 1A19     		adds	r2, r3, r4
 706 0018 5100     		lsls	r1, r2, #1
 707 001a 0144     		add	r1, r1, r0
 708 001c 0A46     		mov	r2, r1
 709 001e B1F84410 		ldrh	r1, [r1, #68]
 710 0022 106C     		ldr	r0, [r2, #64]	@ unaligned
 711 0024 FFF7FEFF 		bl	CYMEMZERO
 712              	.LVL62:
 713              	.LBE4:
 524:Generated_Source\PSoC5/cyfitter_cfg.c **** 		{
 714              		.loc 1 524 0 discriminator 3
 715 0028 0134     		adds	r4, r4, #1
 716              	.LVL63:
 717 002a E4B2     		uxtb	r4, r4
 718              	.LVL64:
 719              	.L58:
 524:Generated_Source\PSoC5/cyfitter_cfg.c **** 		{
 720              		.loc 1 524 0 is_stmt 0 discriminator 1
 721 002c 082C     		cmp	r4, #8
 722 002e F0D9     		bls	.L59
 528:Generated_Source\PSoC5/cyfitter_cfg.c **** 		}
 529:Generated_Source\PSoC5/cyfitter_cfg.c **** 
 530:Generated_Source\PSoC5/cyfitter_cfg.c **** 		cfg_write_bytes32(cy_cfg_addr_table, cy_cfg_data_table);
 723              		.loc 1 530 0 is_stmt 1
 724 0030 2349     		ldr	r1, .L61+8
 725 0032 4FF09040 		mov	r0, #1207959552
 726 0036 FFF7FEFF 		bl	cfg_write_bytes32
 727              	.LVL65:
 531:Generated_Source\PSoC5/cyfitter_cfg.c **** 
 532:Generated_Source\PSoC5/cyfitter_cfg.c **** 		/* Perform normal device configuration. Order is not critical for these items. */
 533:Generated_Source\PSoC5/cyfitter_cfg.c **** 		CY_SET_XTND_REG8((void CYFAR *)(CYREG_DSM0_CR3), 0x0Au);
 728              		.loc 1 533 0
 729 003a 0A22     		movs	r2, #10
 730 003c 214B     		ldr	r3, .L61+12
 731 003e 1A70     		strb	r2, [r3]
 534:Generated_Source\PSoC5/cyfitter_cfg.c **** 
 535:Generated_Source\PSoC5/cyfitter_cfg.c **** 		/* Enable digital routing */
 536:Generated_Source\PSoC5/cyfitter_cfg.c **** 		CY_SET_XTND_REG8((void CYFAR *)CYREG_BCTL0_BANK_CTL, CY_GET_XTND_REG8((void CYFAR *)CYREG_BCTL0_B
 732              		.loc 1 536 0
 733 0040 214A     		ldr	r2, .L61+16
 734 0042 1378     		ldrb	r3, [r2]	@ zero_extendqisi2
ARM GAS  C:\Users\Lukef\AppData\Local\Temp\ccBncuhi.s 			page 24


 735 0044 43F00203 		orr	r3, r3, #2
 736 0048 1370     		strb	r3, [r2]
 537:Generated_Source\PSoC5/cyfitter_cfg.c **** 		CY_SET_XTND_REG8((void CYFAR *)CYREG_BCTL1_BANK_CTL, CY_GET_XTND_REG8((void CYFAR *)CYREG_BCTL1_B
 737              		.loc 1 537 0
 738 004a 1032     		adds	r2, r2, #16
 739 004c 1378     		ldrb	r3, [r2]	@ zero_extendqisi2
 740 004e 43F00203 		orr	r3, r3, #2
 741 0052 1370     		strb	r3, [r2]
 538:Generated_Source\PSoC5/cyfitter_cfg.c **** 
 539:Generated_Source\PSoC5/cyfitter_cfg.c **** 		/* Enable UDB array */
 540:Generated_Source\PSoC5/cyfitter_cfg.c **** 		CY_SET_XTND_REG8((void CYFAR *)CYREG_PM_ACT_CFG0, CY_GET_XTND_REG8((void CYFAR *)CYREG_PM_ACT_CFG
 742              		.loc 1 540 0
 743 0054 1D4C     		ldr	r4, .L61+20
 744              	.LVL66:
 745 0056 2378     		ldrb	r3, [r4]	@ zero_extendqisi2
 746 0058 43F04003 		orr	r3, r3, #64
 747 005c 2370     		strb	r3, [r4]
 541:Generated_Source\PSoC5/cyfitter_cfg.c **** 		CY_SET_XTND_REG8((void CYFAR *)CYREG_PM_AVAIL_CR2, CY_GET_XTND_REG8((void CYFAR *)CYREG_PM_AVAIL_
 748              		.loc 1 541 0
 749 005e A2F58632 		sub	r2, r2, #68608
 750 0062 513A     		subs	r2, r2, #81
 751 0064 1378     		ldrb	r3, [r2]	@ zero_extendqisi2
 752 0066 43F01003 		orr	r3, r3, #16
 753 006a 1370     		strb	r3, [r2]
 754              	.LBE3:
 542:Generated_Source\PSoC5/cyfitter_cfg.c **** 	}
 543:Generated_Source\PSoC5/cyfitter_cfg.c **** 
 544:Generated_Source\PSoC5/cyfitter_cfg.c **** 
 545:Generated_Source\PSoC5/cyfitter_cfg.c **** 	/* Perform second pass device configuration. These items must be configured in specific order afte
 546:Generated_Source\PSoC5/cyfitter_cfg.c **** 	CYCONFIGCPY((void CYFAR *)(CYREG_PRT12_DM0), (const void CYFAR *)(BS_IOPINS0_7_VAL), 8u);
 755              		.loc 1 546 0
 756 006c 0822     		movs	r2, #8
 757 006e 1849     		ldr	r1, .L61+24
 758 0070 1848     		ldr	r0, .L61+28
 759 0072 FFF7FEFF 		bl	CYCONFIGCPY
 760              	.LVL67:
 547:Generated_Source\PSoC5/cyfitter_cfg.c **** 	CYCONFIGCPY((void CYFAR *)(CYREG_PRT1_DM0), (const void CYFAR *)(BS_IOPINS0_1_VAL), 8u);
 761              		.loc 1 547 0
 762 0076 0822     		movs	r2, #8
 763 0078 1749     		ldr	r1, .L61+32
 764 007a 1848     		ldr	r0, .L61+36
 765 007c FFF7FEFF 		bl	CYCONFIGCPY
 766              	.LVL68:
 548:Generated_Source\PSoC5/cyfitter_cfg.c **** 	CYCONFIGCPY((void CYFAR *)(CYREG_PRT3_DM0), (const void CYFAR *)(BS_IOPINS0_3_VAL), 8u);
 767              		.loc 1 548 0
 768 0080 0822     		movs	r2, #8
 769 0082 1749     		ldr	r1, .L61+40
 770 0084 1748     		ldr	r0, .L61+44
 771 0086 FFF7FEFF 		bl	CYCONFIGCPY
 772              	.LVL69:
 549:Generated_Source\PSoC5/cyfitter_cfg.c **** 	/* Switch Boost to the precision bandgap reference from its internal reference */
 550:Generated_Source\PSoC5/cyfitter_cfg.c **** 	CY_SET_REG8((void CYXDATA *)CYREG_BOOST_CR2, (CY_GET_REG8((void CYXDATA *)CYREG_BOOST_CR2) | 0x08u
 773              		.loc 1 550 0
 774 008a 174A     		ldr	r2, .L61+48
 775 008c 1378     		ldrb	r3, [r2]	@ zero_extendqisi2
 776 008e 43F00803 		orr	r3, r3, #8
 777 0092 1370     		strb	r3, [r2]
ARM GAS  C:\Users\Lukef\AppData\Local\Temp\ccBncuhi.s 			page 25


 551:Generated_Source\PSoC5/cyfitter_cfg.c **** 
 552:Generated_Source\PSoC5/cyfitter_cfg.c **** 	/* Set Flash Cycles based on max possible frequency in case a glitch occurs during ClockSetup(). *
 553:Generated_Source\PSoC5/cyfitter_cfg.c **** 	CY_SET_XTND_REG8((void CYFAR *)(CYREG_CACHE_CC_CTL), (((CYDEV_INSTRUCT_CACHE_ENABLED) != 0) ? 0x61
 778              		.loc 1 553 0
 779 0094 154D     		ldr	r5, .L61+52
 780 0096 6123     		movs	r3, #97
 781 0098 2B70     		strb	r3, [r5]
 554:Generated_Source\PSoC5/cyfitter_cfg.c **** 	/* Setup clocks based on selections from Clock DWR */
 555:Generated_Source\PSoC5/cyfitter_cfg.c **** 	ClockSetup();
 782              		.loc 1 555 0
 783 009a FFF7FEFF 		bl	ClockSetup
 784              	.LVL70:
 556:Generated_Source\PSoC5/cyfitter_cfg.c **** 	/* Set Flash Cycles based on newly configured 24.00MHz Bus Clock. */
 557:Generated_Source\PSoC5/cyfitter_cfg.c **** 	CY_SET_XTND_REG8((void CYFAR *)(CYREG_CACHE_CC_CTL), (((CYDEV_INSTRUCT_CACHE_ENABLED) != 0) ? 0x81
 785              		.loc 1 557 0
 786 009e 8123     		movs	r3, #129
 787 00a0 2B70     		strb	r3, [r5]
 558:Generated_Source\PSoC5/cyfitter_cfg.c **** 	CY_SET_XTND_REG8((void CYFAR *)(CYREG_PANTHER_WAITPIPE), 0x01u);
 788              		.loc 1 558 0
 789 00a2 0122     		movs	r2, #1
 790 00a4 124B     		ldr	r3, .L61+56
 791 00a6 1A70     		strb	r2, [r3]
 559:Generated_Source\PSoC5/cyfitter_cfg.c **** 
 560:Generated_Source\PSoC5/cyfitter_cfg.c **** 	/* Perform basic analog initialization to defaults */
 561:Generated_Source\PSoC5/cyfitter_cfg.c **** 	AnalogSetDefault();
 792              		.loc 1 561 0
 793 00a8 FFF7FEFF 		bl	AnalogSetDefault
 794              	.LVL71:
 562:Generated_Source\PSoC5/cyfitter_cfg.c **** 
 563:Generated_Source\PSoC5/cyfitter_cfg.c **** 	/* Configure alternate active mode */
 564:Generated_Source\PSoC5/cyfitter_cfg.c **** 	CYCONFIGCPY((void CYFAR *)CYDEV_PM_STBY_BASE, (const void CYFAR *)CYDEV_PM_ACT_BASE, 14u);
 795              		.loc 1 564 0
 796 00ac 0E22     		movs	r2, #14
 797 00ae 2146     		mov	r1, r4
 798 00b0 1048     		ldr	r0, .L61+60
 799 00b2 FFF7FEFF 		bl	CYCONFIGCPY
 800              	.LVL72:
 801 00b6 38BD     		pop	{r3, r4, r5, pc}
 802              	.L62:
 803              		.align	2
 804              	.L61:
 805 00b8 E8460040 		.word	1073759976
 806 00bc 00000000 		.word	.LANCHOR0
 807 00c0 34000048 		.word	1207959604
 808 00c4 83580040 		.word	1073764483
 809 00c8 03500140 		.word	1073827843
 810 00cc A0430040 		.word	1073759136
 811 00d0 64000048 		.word	1207959652
 812 00d4 C2510040 		.word	1073762754
 813 00d8 6C000048 		.word	1207959660
 814 00dc 12510040 		.word	1073762578
 815 00e0 74000048 		.word	1207959668
 816 00e4 32510040 		.word	1073762610
 817 00e8 22430040 		.word	1073759010
 818 00ec 00480040 		.word	1073760256
 819 00f0 04000840 		.word	1074266116
 820 00f4 B0430040 		.word	1073759152
ARM GAS  C:\Users\Lukef\AppData\Local\Temp\ccBncuhi.s 			page 26


 821              		.cfi_endproc
 822              	.LFE12:
 823              		.size	cyfitter_cfg, .-cyfitter_cfg
 824              		.global	AMux_1_CYAMUXSIDE_B__maskTable
 825              		.global	AMux_1_CYAMUXSIDE_B__addrTable
 826              		.global	AMux_1_CYAMUXSIDE_A__maskTable
 827              		.global	AMux_1_CYAMUXSIDE_A__addrTable
 828              		.section	.rodata
 829              		.align	2
 830              		.set	.LANCHOR0,. + 0
 831              		.type	AMux_1_CYAMUXSIDE_A__addrTable, %object
 832              		.size	AMux_1_CYAMUXSIDE_A__addrTable, 24
 833              	AMux_1_CYAMUXSIDE_A__addrTable:
 834 0000 3D510040 		.word	1073762621
 835 0004 005B0040 		.word	1073765120
 836 0008 3D510040 		.word	1073762621
 837 000c 24430040 		.word	1073759012
 838 0010 3D510040 		.word	1073762621
 839 0014 24430040 		.word	1073759012
 840              		.type	AMux_1_CYAMUXSIDE_A__maskTable, %object
 841              		.size	AMux_1_CYAMUXSIDE_A__maskTable, 6
 842              	AMux_1_CYAMUXSIDE_A__maskTable:
 843 0018 04       		.byte	4
 844 0019 40       		.byte	64
 845 001a 02       		.byte	2
 846 001b 00       		.byte	0
 847 001c 20       		.byte	32
 848 001d 00       		.byte	0
 849 001e 0000     		.space	2
 850              		.type	AMux_1_CYAMUXSIDE_B__addrTable, %object
 851              		.size	AMux_1_CYAMUXSIDE_B__addrTable, 24
 852              	AMux_1_CYAMUXSIDE_B__addrTable:
 853 0020 9B5A0040 		.word	1073765019
 854 0024 9C5A0040 		.word	1073765020
 855 0028 3D510040 		.word	1073762621
 856 002c 24430040 		.word	1073759012
 857 0030 3C510040 		.word	1073762620
 858 0034 24430040 		.word	1073759012
 859              		.type	AMux_1_CYAMUXSIDE_B__maskTable, %object
 860              		.size	AMux_1_CYAMUXSIDE_B__maskTable, 6
 861              	AMux_1_CYAMUXSIDE_B__maskTable:
 862 0038 80       		.byte	-128
 863 0039 10       		.byte	16
 864 003a 01       		.byte	1
 865 003b 00       		.byte	0
 866 003c 50       		.byte	80
 867 003d 00       		.byte	0
 868 003e 0000     		.space	2
 869              		.type	cfg_memset_list.5041, %object
 870              		.size	cfg_memset_list.5041, 54
 871              	cfg_memset_list.5041:
 872 0040 00510040 		.word	1073762560
 873 0044 1000     		.short	16
 874 0046 20510040 		.4byte	1073762592
 875 004a 1000     		.short	16
 876 004c 40510040 		.word	1073762624
 877 0050 3000     		.short	48
ARM GAS  C:\Users\Lukef\AppData\Local\Temp\ccBncuhi.s 			page 27


 878 0052 F0510040 		.4byte	1073762800
 879 0056 1000     		.short	16
 880 0058 00000140 		.word	1073807360
 881 005c 0010     		.short	4096
 882 005e 00140140 		.4byte	1073812480
 883 0062 0008     		.short	2048
 884 0064 00400140 		.word	1073823744
 885 0068 000A     		.short	2560
 886 006a 004C0140 		.4byte	1073826816
 887 006e 0002     		.short	512
 888 0070 00500140 		.word	1073827840
 889 0074 2000     		.short	32
 890              		.text
 891              	.Letext0:
 892              		.file 2 "c:\\program files (x86)\\cypress\\psoc creator\\4.4\\psoc creator\\import\\gnu\\arm\\5.4.
 893              		.file 3 "Generated_Source\\PSoC5\\cytypes.h"
 894              		.file 4 "Generated_Source\\PSoC5\\CyLib.h"
 895              		.section	.debug_info,"",%progbits
 896              	.Ldebug_info0:
 897 0000 13060000 		.4byte	0x613
 898 0004 0400     		.2byte	0x4
 899 0006 00000000 		.4byte	.Ldebug_abbrev0
 900 000a 04       		.byte	0x4
 901 000b 01       		.uleb128 0x1
 902 000c C2020000 		.4byte	.LASF56
 903 0010 0C       		.byte	0xc
 904 0011 B0030000 		.4byte	.LASF57
 905 0015 05020000 		.4byte	.LASF58
 906 0019 00000000 		.4byte	.Ldebug_ranges0+0
 907 001d 00000000 		.4byte	0
 908 0021 00000000 		.4byte	.Ldebug_line0
 909 0025 02       		.uleb128 0x2
 910 0026 04       		.byte	0x4
 911 0027 05       		.byte	0x5
 912 0028 696E7400 		.ascii	"int\000"
 913 002c 03       		.uleb128 0x3
 914 002d 16000000 		.4byte	.LASF12
 915 0031 02       		.byte	0x2
 916 0032 D8       		.byte	0xd8
 917 0033 37000000 		.4byte	0x37
 918 0037 04       		.uleb128 0x4
 919 0038 04       		.byte	0x4
 920 0039 07       		.byte	0x7
 921 003a 4B010000 		.4byte	.LASF0
 922 003e 04       		.uleb128 0x4
 923 003f 08       		.byte	0x8
 924 0040 05       		.byte	0x5
 925 0041 89000000 		.4byte	.LASF1
 926 0045 04       		.uleb128 0x4
 927 0046 08       		.byte	0x8
 928 0047 04       		.byte	0x4
 929 0048 CA010000 		.4byte	.LASF2
 930 004c 04       		.uleb128 0x4
 931 004d 01       		.byte	0x1
 932 004e 06       		.byte	0x6
 933 004f 97000000 		.4byte	.LASF3
 934 0053 04       		.uleb128 0x4
ARM GAS  C:\Users\Lukef\AppData\Local\Temp\ccBncuhi.s 			page 28


 935 0054 01       		.byte	0x1
 936 0055 08       		.byte	0x8
 937 0056 AA020000 		.4byte	.LASF4
 938 005a 04       		.uleb128 0x4
 939 005b 02       		.byte	0x2
 940 005c 05       		.byte	0x5
 941 005d B8020000 		.4byte	.LASF5
 942 0061 04       		.uleb128 0x4
 943 0062 02       		.byte	0x2
 944 0063 07       		.byte	0x7
 945 0064 AE010000 		.4byte	.LASF6
 946 0068 04       		.uleb128 0x4
 947 0069 04       		.byte	0x4
 948 006a 05       		.byte	0x5
 949 006b CA000000 		.4byte	.LASF7
 950 006f 04       		.uleb128 0x4
 951 0070 04       		.byte	0x4
 952 0071 07       		.byte	0x7
 953 0072 8F010000 		.4byte	.LASF8
 954 0076 04       		.uleb128 0x4
 955 0077 08       		.byte	0x8
 956 0078 07       		.byte	0x7
 957 0079 3C000000 		.4byte	.LASF9
 958 007d 04       		.uleb128 0x4
 959 007e 04       		.byte	0x4
 960 007f 07       		.byte	0x7
 961 0080 C1010000 		.4byte	.LASF10
 962 0084 05       		.uleb128 0x5
 963 0085 04       		.byte	0x4
 964 0086 04       		.uleb128 0x4
 965 0087 01       		.byte	0x1
 966 0088 08       		.byte	0x8
 967 0089 73030000 		.4byte	.LASF11
 968 008d 06       		.uleb128 0x6
 969 008e E0000000 		.4byte	.LASF13
 970 0092 03       		.byte	0x3
 971 0093 E801     		.2byte	0x1e8
 972 0095 53000000 		.4byte	0x53
 973 0099 06       		.uleb128 0x6
 974 009a 06000000 		.4byte	.LASF14
 975 009e 03       		.byte	0x3
 976 009f E901     		.2byte	0x1e9
 977 00a1 61000000 		.4byte	0x61
 978 00a5 06       		.uleb128 0x6
 979 00a6 16010000 		.4byte	.LASF15
 980 00aa 03       		.byte	0x3
 981 00ab EA01     		.2byte	0x1ea
 982 00ad 6F000000 		.4byte	0x6f
 983 00b1 04       		.uleb128 0x4
 984 00b2 04       		.byte	0x4
 985 00b3 04       		.byte	0x4
 986 00b4 58020000 		.4byte	.LASF16
 987 00b8 04       		.uleb128 0x4
 988 00b9 08       		.byte	0x8
 989 00ba 04       		.byte	0x4
 990 00bb E6000000 		.4byte	.LASF17
 991 00bf 06       		.uleb128 0x6
ARM GAS  C:\Users\Lukef\AppData\Local\Temp\ccBncuhi.s 			page 29


 992 00c0 A5020000 		.4byte	.LASF18
 993 00c4 03       		.byte	0x3
 994 00c5 9202     		.2byte	0x292
 995 00c7 CB000000 		.4byte	0xcb
 996 00cb 07       		.uleb128 0x7
 997 00cc 8D000000 		.4byte	0x8d
 998 00d0 06       		.uleb128 0x6
 999 00d1 D3000000 		.4byte	.LASF19
 1000 00d5 03       		.byte	0x3
 1001 00d6 9302     		.2byte	0x293
 1002 00d8 DC000000 		.4byte	0xdc
 1003 00dc 07       		.uleb128 0x7
 1004 00dd 99000000 		.4byte	0x99
 1005 00e1 08       		.uleb128 0x8
 1006 00e2 02       		.byte	0x2
 1007 00e3 01       		.byte	0x1
 1008 00e4 98       		.byte	0x98
 1009 00e5 02010000 		.4byte	0x102
 1010 00e9 09       		.uleb128 0x9
 1011 00ea 8E030000 		.4byte	.LASF20
 1012 00ee 01       		.byte	0x1
 1013 00ef 9A       		.byte	0x9a
 1014 00f0 8D000000 		.4byte	0x8d
 1015 00f4 00       		.byte	0
 1016 00f5 09       		.uleb128 0x9
 1017 00f6 45010000 		.4byte	.LASF21
 1018 00fa 01       		.byte	0x1
 1019 00fb 9B       		.byte	0x9b
 1020 00fc 8D000000 		.4byte	0x8d
 1021 0100 01       		.byte	0x1
 1022 0101 00       		.byte	0
 1023 0102 03       		.uleb128 0x3
 1024 0103 60030000 		.4byte	.LASF22
 1025 0107 01       		.byte	0x1
 1026 0108 9C       		.byte	0x9c
 1027 0109 E1000000 		.4byte	0xe1
 1028 010d 0A       		.uleb128 0xa
 1029 010e 1D000000 		.4byte	.LASF59
 1030 0112 01       		.byte	0x1
 1031 0113 7F       		.byte	0x7f
 1032 0114 00000000 		.4byte	.LFB3
 1033 0118 02000000 		.4byte	.LFE3-.LFB3
 1034 011c 01       		.uleb128 0x1
 1035 011d 9C       		.byte	0x9c
 1036 011e 30010000 		.4byte	0x130
 1037 0122 0B       		.uleb128 0xb
 1038 0123 C0000000 		.4byte	.LASF23
 1039 0127 01       		.byte	0x1
 1040 0128 7F       		.byte	0x7f
 1041 0129 8D000000 		.4byte	0x8d
 1042 012d 01       		.uleb128 0x1
 1043 012e 50       		.byte	0x50
 1044 012f 00       		.byte	0
 1045 0130 0C       		.uleb128 0xc
 1046 0131 A3000000 		.4byte	.LASF28
 1047 0135 01       		.byte	0x1
 1048 0136 BD       		.byte	0xbd
ARM GAS  C:\Users\Lukef\AppData\Local\Temp\ccBncuhi.s 			page 30


 1049 0137 00000000 		.4byte	.LFB4
 1050 013b 34000000 		.4byte	.LFE4-.LFB4
 1051 013f 01       		.uleb128 0x1
 1052 0140 9C       		.byte	0x9c
 1053 0141 A2010000 		.4byte	0x1a2
 1054 0145 0B       		.uleb128 0xb
 1055 0146 53000000 		.4byte	.LASF24
 1056 014a 01       		.byte	0x1
 1057 014b BD       		.byte	0xbd
 1058 014c A2010000 		.4byte	0x1a2
 1059 0150 01       		.uleb128 0x1
 1060 0151 50       		.byte	0x50
 1061 0152 0B       		.uleb128 0xb
 1062 0153 31000000 		.4byte	.LASF25
 1063 0157 01       		.byte	0x1
 1064 0158 BD       		.byte	0xbd
 1065 0159 AD010000 		.4byte	0x1ad
 1066 015d 01       		.uleb128 0x1
 1067 015e 51       		.byte	0x51
 1068 015f 0D       		.uleb128 0xd
 1069 0160 6900     		.ascii	"i\000"
 1070 0162 01       		.byte	0x1
 1071 0163 C0       		.byte	0xc0
 1072 0164 A5000000 		.4byte	0xa5
 1073 0168 00000000 		.4byte	.LLST0
 1074 016c 0D       		.uleb128 0xd
 1075 016d 6A00     		.ascii	"j\000"
 1076 016f 01       		.byte	0x1
 1077 0170 C0       		.byte	0xc0
 1078 0171 A5000000 		.4byte	0xa5
 1079 0175 1F000000 		.4byte	.LLST1
 1080 0179 0E       		.uleb128 0xe
 1081 017a 08000000 		.4byte	.LBB2
 1082 017e 22000000 		.4byte	.LBE2-.LBB2
 1083 0182 0F       		.uleb128 0xf
 1084 0183 0D000000 		.4byte	.LASF26
 1085 0187 01       		.byte	0x1
 1086 0188 C3       		.byte	0xc3
 1087 0189 A5000000 		.4byte	0xa5
 1088 018d 3E000000 		.4byte	.LLST2
 1089 0191 0F       		.uleb128 0xf
 1090 0192 00000000 		.4byte	.LASF27
 1091 0196 01       		.byte	0x1
 1092 0197 C4       		.byte	0xc4
 1093 0198 8D000000 		.4byte	0x8d
 1094 019c 51000000 		.4byte	.LLST3
 1095 01a0 00       		.byte	0
 1096 01a1 00       		.byte	0
 1097 01a2 10       		.uleb128 0x10
 1098 01a3 04       		.byte	0x4
 1099 01a4 A8010000 		.4byte	0x1a8
 1100 01a8 11       		.uleb128 0x11
 1101 01a9 A5000000 		.4byte	0xa5
 1102 01ad 10       		.uleb128 0x10
 1103 01ae 04       		.byte	0x4
 1104 01af B3010000 		.4byte	0x1b3
 1105 01b3 11       		.uleb128 0x11
ARM GAS  C:\Users\Lukef\AppData\Local\Temp\ccBncuhi.s 			page 31


 1106 01b4 02010000 		.4byte	0x102
 1107 01b8 12       		.uleb128 0x12
 1108 01b9 5E000000 		.4byte	.LASF29
 1109 01bd 01       		.byte	0x1
 1110 01be 2701     		.2byte	0x127
 1111 01c0 00000000 		.4byte	.LFB6
 1112 01c4 4C000000 		.4byte	.LFE6-.LFB6
 1113 01c8 01       		.uleb128 0x1
 1114 01c9 9C       		.byte	0x9c
 1115 01ca DF010000 		.4byte	0x1df
 1116 01ce 13       		.uleb128 0x13
 1117 01cf D6010000 		.4byte	.LASF30
 1118 01d3 01       		.byte	0x1
 1119 01d4 2901     		.2byte	0x129
 1120 01d6 8D000000 		.4byte	0x8d
 1121 01da 6F000000 		.4byte	.LLST4
 1122 01de 00       		.byte	0
 1123 01df 0C       		.uleb128 0xc
 1124 01e0 0C010000 		.4byte	.LASF31
 1125 01e4 01       		.byte	0x1
 1126 01e5 4D       		.byte	0x4d
 1127 01e6 00000000 		.4byte	.LFB0
 1128 01ea 0C000000 		.4byte	.LFE0-.LFB0
 1129 01ee 01       		.uleb128 0x1
 1130 01ef 9C       		.byte	0x9c
 1131 01f0 2C020000 		.4byte	0x22c
 1132 01f4 14       		.uleb128 0x14
 1133 01f5 7300     		.ascii	"s\000"
 1134 01f7 01       		.byte	0x1
 1135 01f8 4D       		.byte	0x4d
 1136 01f9 84000000 		.4byte	0x84
 1137 01fd 82000000 		.4byte	.LLST5
 1138 0201 14       		.uleb128 0x14
 1139 0202 6E00     		.ascii	"n\000"
 1140 0204 01       		.byte	0x1
 1141 0205 4D       		.byte	0x4d
 1142 0206 2C000000 		.4byte	0x2c
 1143 020a A3000000 		.4byte	.LLST6
 1144 020e 15       		.uleb128 0x15
 1145 020f 0A000000 		.4byte	.LVL16
 1146 0213 F9050000 		.4byte	0x5f9
 1147 0217 16       		.uleb128 0x16
 1148 0218 01       		.uleb128 0x1
 1149 0219 50       		.byte	0x50
 1150 021a 03       		.uleb128 0x3
 1151 021b F3       		.byte	0xf3
 1152 021c 01       		.uleb128 0x1
 1153 021d 50       		.byte	0x50
 1154 021e 16       		.uleb128 0x16
 1155 021f 01       		.uleb128 0x1
 1156 0220 51       		.byte	0x51
 1157 0221 01       		.uleb128 0x1
 1158 0222 30       		.byte	0x30
 1159 0223 16       		.uleb128 0x16
 1160 0224 01       		.uleb128 0x1
 1161 0225 52       		.byte	0x52
 1162 0226 03       		.uleb128 0x3
ARM GAS  C:\Users\Lukef\AppData\Local\Temp\ccBncuhi.s 			page 32


 1163 0227 F3       		.byte	0xf3
 1164 0228 01       		.uleb128 0x1
 1165 0229 51       		.byte	0x51
 1166 022a 00       		.byte	0
 1167 022b 00       		.byte	0
 1168 022c 0C       		.uleb128 0xc
 1169 022d A4030000 		.4byte	.LASF32
 1170 0231 01       		.byte	0x1
 1171 0232 54       		.byte	0x54
 1172 0233 00000000 		.4byte	.LFB1
 1173 0237 08000000 		.4byte	.LFE1-.LFB1
 1174 023b 01       		.uleb128 0x1
 1175 023c 9C       		.byte	0x9c
 1176 023d 8C020000 		.4byte	0x28c
 1177 0241 17       		.uleb128 0x17
 1178 0242 53020000 		.4byte	.LASF33
 1179 0246 01       		.byte	0x1
 1180 0247 54       		.byte	0x54
 1181 0248 84000000 		.4byte	0x84
 1182 024c CF000000 		.4byte	.LLST7
 1183 0250 14       		.uleb128 0x14
 1184 0251 73726300 		.ascii	"src\000"
 1185 0255 01       		.byte	0x1
 1186 0256 54       		.byte	0x54
 1187 0257 8C020000 		.4byte	0x28c
 1188 025b F0000000 		.4byte	.LLST8
 1189 025f 14       		.uleb128 0x14
 1190 0260 6E00     		.ascii	"n\000"
 1191 0262 01       		.byte	0x1
 1192 0263 54       		.byte	0x54
 1193 0264 2C000000 		.4byte	0x2c
 1194 0268 11010000 		.4byte	.LLST9
 1195 026c 15       		.uleb128 0x15
 1196 026d 06000000 		.4byte	.LVL18
 1197 0271 02060000 		.4byte	0x602
 1198 0275 16       		.uleb128 0x16
 1199 0276 01       		.uleb128 0x1
 1200 0277 50       		.byte	0x50
 1201 0278 03       		.uleb128 0x3
 1202 0279 F3       		.byte	0xf3
 1203 027a 01       		.uleb128 0x1
 1204 027b 50       		.byte	0x50
 1205 027c 16       		.uleb128 0x16
 1206 027d 01       		.uleb128 0x1
 1207 027e 51       		.byte	0x51
 1208 027f 03       		.uleb128 0x3
 1209 0280 F3       		.byte	0xf3
 1210 0281 01       		.uleb128 0x1
 1211 0282 51       		.byte	0x51
 1212 0283 16       		.uleb128 0x16
 1213 0284 01       		.uleb128 0x1
 1214 0285 52       		.byte	0x52
 1215 0286 03       		.uleb128 0x3
 1216 0287 F3       		.byte	0xf3
 1217 0288 01       		.uleb128 0x1
 1218 0289 52       		.byte	0x52
 1219 028a 00       		.byte	0
ARM GAS  C:\Users\Lukef\AppData\Local\Temp\ccBncuhi.s 			page 33


 1220 028b 00       		.byte	0
 1221 028c 10       		.uleb128 0x10
 1222 028d 04       		.byte	0x4
 1223 028e 92020000 		.4byte	0x292
 1224 0292 18       		.uleb128 0x18
 1225 0293 0C       		.uleb128 0xc
 1226 0294 B5000000 		.4byte	.LASF34
 1227 0298 01       		.byte	0x1
 1228 0299 E0       		.byte	0xe0
 1229 029a 00000000 		.4byte	.LFB5
 1230 029e E4000000 		.4byte	.LFE5-.LFB5
 1231 02a2 01       		.uleb128 0x1
 1232 02a3 9C       		.byte	0x9c
 1233 02a4 10030000 		.4byte	0x310
 1234 02a8 0F       		.uleb128 0xf
 1235 02a9 A1010000 		.4byte	.LASF35
 1236 02ad 01       		.byte	0x1
 1237 02ae E2       		.byte	0xe2
 1238 02af A5000000 		.4byte	0xa5
 1239 02b3 32010000 		.4byte	.LLST10
 1240 02b7 0F       		.uleb128 0xf
 1241 02b8 50030000 		.4byte	.LASF36
 1242 02bc 01       		.byte	0x1
 1243 02bd E3       		.byte	0xe3
 1244 02be 8D000000 		.4byte	0x8d
 1245 02c2 51010000 		.4byte	.LLST11
 1246 02c6 19       		.uleb128 0x19
 1247 02c7 18000000 		.4byte	.LVL19
 1248 02cb 2C020000 		.4byte	0x22c
 1249 02cf EB020000 		.4byte	0x2eb
 1250 02d3 16       		.uleb128 0x16
 1251 02d4 01       		.uleb128 0x1
 1252 02d5 50       		.byte	0x50
 1253 02d6 05       		.uleb128 0x5
 1254 02d7 0C       		.byte	0xc
 1255 02d8 00410040 		.4byte	0x40004100
 1256 02dc 16       		.uleb128 0x16
 1257 02dd 01       		.uleb128 0x1
 1258 02de 51       		.byte	0x51
 1259 02df 05       		.uleb128 0x5
 1260 02e0 0C       		.byte	0xc
 1261 02e1 7C000048 		.4byte	0x4800007c
 1262 02e5 16       		.uleb128 0x16
 1263 02e6 01       		.uleb128 0x1
 1264 02e7 52       		.byte	0x52
 1265 02e8 01       		.uleb128 0x1
 1266 02e9 34       		.byte	0x34
 1267 02ea 00       		.byte	0
 1268 02eb 19       		.uleb128 0x19
 1269 02ec 60000000 		.4byte	.LVL24
 1270 02f0 0B060000 		.4byte	0x60b
 1271 02f4 00030000 		.4byte	0x300
 1272 02f8 16       		.uleb128 0x16
 1273 02f9 01       		.uleb128 0x1
 1274 02fa 50       		.byte	0x50
 1275 02fb 03       		.uleb128 0x3
 1276 02fc 0A       		.byte	0xa
ARM GAS  C:\Users\Lukef\AppData\Local\Temp\ccBncuhi.s 			page 34


 1277 02fd E001     		.2byte	0x1e0
 1278 02ff 00       		.byte	0
 1279 0300 15       		.uleb128 0x15
 1280 0301 70000000 		.4byte	.LVL26
 1281 0305 0D010000 		.4byte	0x10d
 1282 0309 16       		.uleb128 0x16
 1283 030a 01       		.uleb128 0x1
 1284 030b 50       		.byte	0x50
 1285 030c 01       		.uleb128 0x1
 1286 030d 33       		.byte	0x33
 1287 030e 00       		.byte	0
 1288 030f 00       		.byte	0
 1289 0310 1A       		.uleb128 0x1a
 1290 0311 78030000 		.4byte	.LASF39
 1291 0315 01       		.byte	0x1
 1292 0316 4601     		.2byte	0x146
 1293 0318 00000000 		.4byte	.LFB7
 1294 031c 1C000000 		.4byte	.LFE7-.LFB7
 1295 0320 01       		.uleb128 0x1
 1296 0321 9C       		.byte	0x9c
 1297 0322 43030000 		.4byte	0x343
 1298 0326 1B       		.uleb128 0x1b
 1299 0327 95030000 		.4byte	.LASF37
 1300 032b 01       		.byte	0x1
 1301 032c 4601     		.2byte	0x146
 1302 032e 8D000000 		.4byte	0x8d
 1303 0332 01       		.uleb128 0x1
 1304 0333 50       		.byte	0x50
 1305 0334 1C       		.uleb128 0x1c
 1306 0335 3C010000 		.4byte	.LASF38
 1307 0339 01       		.byte	0x1
 1308 033a 4801     		.2byte	0x148
 1309 033c 8D000000 		.4byte	0x8d
 1310 0340 01       		.uleb128 0x1
 1311 0341 53       		.byte	0x53
 1312 0342 00       		.byte	0
 1313 0343 1A       		.uleb128 0x1a
 1314 0344 77010000 		.4byte	.LASF40
 1315 0348 01       		.byte	0x1
 1316 0349 7301     		.2byte	0x173
 1317 034b 00000000 		.4byte	.LFB8
 1318 034f 34000000 		.4byte	.LFE8-.LFB8
 1319 0353 01       		.uleb128 0x1
 1320 0354 9C       		.byte	0x9c
 1321 0355 6A030000 		.4byte	0x36a
 1322 0359 1D       		.uleb128 0x1d
 1323 035a 58030000 		.4byte	.LASF41
 1324 035e 01       		.byte	0x1
 1325 035f 7301     		.2byte	0x173
 1326 0361 8D000000 		.4byte	0x8d
 1327 0365 7B010000 		.4byte	.LLST12
 1328 0369 00       		.byte	0
 1329 036a 1A       		.uleb128 0x1a
 1330 036b 6F000000 		.4byte	.LASF42
 1331 036f 01       		.byte	0x1
 1332 0370 8C01     		.2byte	0x18c
 1333 0372 00000000 		.4byte	.LFB9
ARM GAS  C:\Users\Lukef\AppData\Local\Temp\ccBncuhi.s 			page 35


 1334 0376 38000000 		.4byte	.LFE9-.LFB9
 1335 037a 01       		.uleb128 0x1
 1336 037b 9C       		.byte	0x9c
 1337 037c 91030000 		.4byte	0x391
 1338 0380 1D       		.uleb128 0x1d
 1339 0381 58030000 		.4byte	.LASF41
 1340 0385 01       		.byte	0x1
 1341 0386 8C01     		.2byte	0x18c
 1342 0388 8D000000 		.4byte	0x8d
 1343 038c D2010000 		.4byte	.LLST13
 1344 0390 00       		.byte	0
 1345 0391 1A       		.uleb128 0x1a
 1346 0392 DE030000 		.4byte	.LASF43
 1347 0396 01       		.byte	0x1
 1348 0397 B401     		.2byte	0x1b4
 1349 0399 00000000 		.4byte	.LFB10
 1350 039d 3C000000 		.4byte	.LFE10-.LFB10
 1351 03a1 01       		.uleb128 0x1
 1352 03a2 9C       		.byte	0x9c
 1353 03a3 B8030000 		.4byte	0x3b8
 1354 03a7 1D       		.uleb128 0x1d
 1355 03a8 58030000 		.4byte	.LASF41
 1356 03ac 01       		.byte	0x1
 1357 03ad B401     		.2byte	0x1b4
 1358 03af 8D000000 		.4byte	0x8d
 1359 03b3 29020000 		.4byte	.LLST14
 1360 03b7 00       		.byte	0
 1361 03b8 1A       		.uleb128 0x1a
 1362 03b9 8B020000 		.4byte	.LASF44
 1363 03bd 01       		.byte	0x1
 1364 03be CD01     		.2byte	0x1cd
 1365 03c0 00000000 		.4byte	.LFB11
 1366 03c4 40000000 		.4byte	.LFE11-.LFB11
 1367 03c8 01       		.uleb128 0x1
 1368 03c9 9C       		.byte	0x9c
 1369 03ca DF030000 		.4byte	0x3df
 1370 03ce 1D       		.uleb128 0x1d
 1371 03cf 58030000 		.4byte	.LASF41
 1372 03d3 01       		.byte	0x1
 1373 03d4 CD01     		.2byte	0x1cd
 1374 03d6 8D000000 		.4byte	0x8d
 1375 03da 80020000 		.4byte	.LLST15
 1376 03de 00       		.byte	0
 1377 03df 1A       		.uleb128 0x1a
 1378 03e0 F6030000 		.4byte	.LASF45
 1379 03e4 01       		.byte	0x1
 1380 03e5 EB01     		.2byte	0x1eb
 1381 03e7 00000000 		.4byte	.LFB12
 1382 03eb F8000000 		.4byte	.LFE12-.LFB12
 1383 03ef 01       		.uleb128 0x1
 1384 03f0 9C       		.byte	0x9c
 1385 03f1 6D050000 		.4byte	0x56d
 1386 03f5 1E       		.uleb128 0x1e
 1387 03f6 0E000000 		.4byte	.LBB3
 1388 03fa 5E000000 		.4byte	.LBE3-.LBB3
 1389 03fe CD040000 		.4byte	0x4cd
 1390 0402 1F       		.uleb128 0x1f
ARM GAS  C:\Users\Lukef\AppData\Local\Temp\ccBncuhi.s 			page 36


 1391 0403 06       		.byte	0x6
 1392 0404 01       		.byte	0x1
 1393 0405 F701     		.2byte	0x1f7
 1394 0407 26040000 		.4byte	0x426
 1395 040b 20       		.uleb128 0x20
 1396 040c D6030000 		.4byte	.LASF46
 1397 0410 01       		.byte	0x1
 1398 0411 F801     		.2byte	0x1f8
 1399 0413 84000000 		.4byte	0x84
 1400 0417 00       		.byte	0
 1401 0418 20       		.uleb128 0x20
 1402 0419 A9010000 		.4byte	.LASF47
 1403 041d 01       		.byte	0x1
 1404 041e F901     		.2byte	0x1f9
 1405 0420 99000000 		.4byte	0x99
 1406 0424 04       		.byte	0x4
 1407 0425 00       		.byte	0
 1408 0426 06       		.uleb128 0x6
 1409 0427 E8010000 		.4byte	.LASF48
 1410 042b 01       		.byte	0x1
 1411 042c FA01     		.2byte	0x1fa
 1412 042e 02040000 		.4byte	0x402
 1413 0432 21       		.uleb128 0x21
 1414 0433 42040000 		.4byte	0x442
 1415 0437 42040000 		.4byte	0x442
 1416 043b 22       		.uleb128 0x22
 1417 043c 7D000000 		.4byte	0x7d
 1418 0440 08       		.byte	0x8
 1419 0441 00       		.byte	0
 1420 0442 11       		.uleb128 0x11
 1421 0443 26040000 		.4byte	0x426
 1422 0447 1C       		.uleb128 0x1c
 1423 0448 F5010000 		.4byte	.LASF49
 1424 044c 01       		.byte	0x1
 1425 044d FC01     		.2byte	0x1fc
 1426 044f 59040000 		.4byte	0x459
 1427 0453 05       		.uleb128 0x5
 1428 0454 03       		.byte	0x3
 1429 0455 40000000 		.4byte	cfg_memset_list.5041
 1430 0459 11       		.uleb128 0x11
 1431 045a 32040000 		.4byte	0x432
 1432 045e 23       		.uleb128 0x23
 1433 045f 6900     		.ascii	"i\000"
 1434 0461 01       		.byte	0x1
 1435 0462 0902     		.2byte	0x209
 1436 0464 8D000000 		.4byte	0x8d
 1437 0468 D7020000 		.4byte	.LLST16
 1438 046c 1E       		.uleb128 0x1e
 1439 046d 12000000 		.4byte	.LBB4
 1440 0471 16000000 		.4byte	.LBE4-.LBB4
 1441 0475 B2040000 		.4byte	0x4b2
 1442 0479 23       		.uleb128 0x23
 1443 047a 6D7300   		.ascii	"ms\000"
 1444 047d 01       		.byte	0x1
 1445 047e 0E02     		.2byte	0x20e
 1446 0480 88040000 		.4byte	0x488
 1447 0484 01030000 		.4byte	.LLST17
ARM GAS  C:\Users\Lukef\AppData\Local\Temp\ccBncuhi.s 			page 37


 1448 0488 10       		.uleb128 0x10
 1449 0489 04       		.byte	0x4
 1450 048a 42040000 		.4byte	0x442
 1451 048e 15       		.uleb128 0x15
 1452 048f 28000000 		.4byte	.LVL62
 1453 0493 DF010000 		.4byte	0x1df
 1454 0497 16       		.uleb128 0x16
 1455 0498 01       		.uleb128 0x1
 1456 0499 51       		.byte	0x51
 1457 049a 15       		.uleb128 0x15
 1458 049b 74       		.byte	0x74
 1459 049c 00       		.sleb128 0
 1460 049d 31       		.byte	0x31
 1461 049e 24       		.byte	0x24
 1462 049f 74       		.byte	0x74
 1463 04a0 00       		.sleb128 0
 1464 04a1 22       		.byte	0x22
 1465 04a2 31       		.byte	0x31
 1466 04a3 24       		.byte	0x24
 1467 04a4 03       		.byte	0x3
 1468 04a5 44000000 		.4byte	.LANCHOR0+68
 1469 04a9 22       		.byte	0x22
 1470 04aa 94       		.byte	0x94
 1471 04ab 02       		.byte	0x2
 1472 04ac 0A       		.byte	0xa
 1473 04ad FFFF     		.2byte	0xffff
 1474 04af 1A       		.byte	0x1a
 1475 04b0 00       		.byte	0
 1476 04b1 00       		.byte	0
 1477 04b2 15       		.uleb128 0x15
 1478 04b3 3A000000 		.4byte	.LVL65
 1479 04b7 30010000 		.4byte	0x130
 1480 04bb 16       		.uleb128 0x16
 1481 04bc 01       		.uleb128 0x1
 1482 04bd 50       		.byte	0x50
 1483 04be 03       		.uleb128 0x3
 1484 04bf 42       		.byte	0x42
 1485 04c0 4A       		.byte	0x4a
 1486 04c1 24       		.byte	0x24
 1487 04c2 16       		.uleb128 0x16
 1488 04c3 01       		.uleb128 0x1
 1489 04c4 51       		.byte	0x51
 1490 04c5 05       		.uleb128 0x5
 1491 04c6 0C       		.byte	0xc
 1492 04c7 34000048 		.4byte	0x48000034
 1493 04cb 00       		.byte	0
 1494 04cc 00       		.byte	0
 1495 04cd 19       		.uleb128 0x19
 1496 04ce 76000000 		.4byte	.LVL67
 1497 04d2 2C020000 		.4byte	0x22c
 1498 04d6 F2040000 		.4byte	0x4f2
 1499 04da 16       		.uleb128 0x16
 1500 04db 01       		.uleb128 0x1
 1501 04dc 50       		.byte	0x50
 1502 04dd 05       		.uleb128 0x5
 1503 04de 0C       		.byte	0xc
 1504 04df C2510040 		.4byte	0x400051c2
ARM GAS  C:\Users\Lukef\AppData\Local\Temp\ccBncuhi.s 			page 38


 1505 04e3 16       		.uleb128 0x16
 1506 04e4 01       		.uleb128 0x1
 1507 04e5 51       		.byte	0x51
 1508 04e6 05       		.uleb128 0x5
 1509 04e7 0C       		.byte	0xc
 1510 04e8 64000048 		.4byte	0x48000064
 1511 04ec 16       		.uleb128 0x16
 1512 04ed 01       		.uleb128 0x1
 1513 04ee 52       		.byte	0x52
 1514 04ef 01       		.uleb128 0x1
 1515 04f0 38       		.byte	0x38
 1516 04f1 00       		.byte	0
 1517 04f2 19       		.uleb128 0x19
 1518 04f3 80000000 		.4byte	.LVL68
 1519 04f7 2C020000 		.4byte	0x22c
 1520 04fb 17050000 		.4byte	0x517
 1521 04ff 16       		.uleb128 0x16
 1522 0500 01       		.uleb128 0x1
 1523 0501 50       		.byte	0x50
 1524 0502 05       		.uleb128 0x5
 1525 0503 0C       		.byte	0xc
 1526 0504 12510040 		.4byte	0x40005112
 1527 0508 16       		.uleb128 0x16
 1528 0509 01       		.uleb128 0x1
 1529 050a 51       		.byte	0x51
 1530 050b 05       		.uleb128 0x5
 1531 050c 0C       		.byte	0xc
 1532 050d 6C000048 		.4byte	0x4800006c
 1533 0511 16       		.uleb128 0x16
 1534 0512 01       		.uleb128 0x1
 1535 0513 52       		.byte	0x52
 1536 0514 01       		.uleb128 0x1
 1537 0515 38       		.byte	0x38
 1538 0516 00       		.byte	0
 1539 0517 19       		.uleb128 0x19
 1540 0518 8A000000 		.4byte	.LVL69
 1541 051c 2C020000 		.4byte	0x22c
 1542 0520 3C050000 		.4byte	0x53c
 1543 0524 16       		.uleb128 0x16
 1544 0525 01       		.uleb128 0x1
 1545 0526 50       		.byte	0x50
 1546 0527 05       		.uleb128 0x5
 1547 0528 0C       		.byte	0xc
 1548 0529 32510040 		.4byte	0x40005132
 1549 052d 16       		.uleb128 0x16
 1550 052e 01       		.uleb128 0x1
 1551 052f 51       		.byte	0x51
 1552 0530 05       		.uleb128 0x5
 1553 0531 0C       		.byte	0xc
 1554 0532 74000048 		.4byte	0x48000074
 1555 0536 16       		.uleb128 0x16
 1556 0537 01       		.uleb128 0x1
 1557 0538 52       		.byte	0x52
 1558 0539 01       		.uleb128 0x1
 1559 053a 38       		.byte	0x38
 1560 053b 00       		.byte	0
 1561 053c 24       		.uleb128 0x24
ARM GAS  C:\Users\Lukef\AppData\Local\Temp\ccBncuhi.s 			page 39


 1562 053d 9E000000 		.4byte	.LVL70
 1563 0541 93020000 		.4byte	0x293
 1564 0545 24       		.uleb128 0x24
 1565 0546 AC000000 		.4byte	.LVL71
 1566 054a B8010000 		.4byte	0x1b8
 1567 054e 15       		.uleb128 0x15
 1568 054f B6000000 		.4byte	.LVL72
 1569 0553 2C020000 		.4byte	0x22c
 1570 0557 16       		.uleb128 0x16
 1571 0558 01       		.uleb128 0x1
 1572 0559 50       		.byte	0x50
 1573 055a 05       		.uleb128 0x5
 1574 055b 0C       		.byte	0xc
 1575 055c B0430040 		.4byte	0x400043b0
 1576 0560 16       		.uleb128 0x16
 1577 0561 01       		.uleb128 0x1
 1578 0562 51       		.byte	0x51
 1579 0563 02       		.uleb128 0x2
 1580 0564 74       		.byte	0x74
 1581 0565 00       		.sleb128 0
 1582 0566 16       		.uleb128 0x16
 1583 0567 01       		.uleb128 0x1
 1584 0568 52       		.byte	0x52
 1585 0569 01       		.uleb128 0x1
 1586 056a 3E       		.byte	0x3e
 1587 056b 00       		.byte	0
 1588 056c 00       		.byte	0
 1589 056d 21       		.uleb128 0x21
 1590 056e 83050000 		.4byte	0x583
 1591 0572 7D050000 		.4byte	0x57d
 1592 0576 22       		.uleb128 0x22
 1593 0577 7D000000 		.4byte	0x7d
 1594 057b 05       		.byte	0x5
 1595 057c 00       		.byte	0
 1596 057d 10       		.uleb128 0x10
 1597 057e 04       		.byte	0x4
 1598 057f 8D000000 		.4byte	0x8d
 1599 0583 11       		.uleb128 0x11
 1600 0584 7D050000 		.4byte	0x57d
 1601 0588 25       		.uleb128 0x25
 1602 0589 1D010000 		.4byte	.LASF50
 1603 058d 01       		.byte	0x1
 1604 058e 5801     		.2byte	0x158
 1605 0590 9A050000 		.4byte	0x59a
 1606 0594 05       		.uleb128 0x5
 1607 0595 03       		.byte	0x3
 1608 0596 00000000 		.4byte	AMux_1_CYAMUXSIDE_A__addrTable
 1609 059a 11       		.uleb128 0x11
 1610 059b 6D050000 		.4byte	0x56d
 1611 059f 21       		.uleb128 0x21
 1612 05a0 AF050000 		.4byte	0x5af
 1613 05a4 AF050000 		.4byte	0x5af
 1614 05a8 22       		.uleb128 0x22
 1615 05a9 7D000000 		.4byte	0x7d
 1616 05ad 05       		.byte	0x5
 1617 05ae 00       		.byte	0
 1618 05af 11       		.uleb128 0x11
ARM GAS  C:\Users\Lukef\AppData\Local\Temp\ccBncuhi.s 			page 40


 1619 05b0 8D000000 		.4byte	0x8d
 1620 05b4 25       		.uleb128 0x25
 1621 05b5 ED000000 		.4byte	.LASF51
 1622 05b9 01       		.byte	0x1
 1623 05ba 6001     		.2byte	0x160
 1624 05bc C6050000 		.4byte	0x5c6
 1625 05c0 05       		.uleb128 0x5
 1626 05c1 03       		.byte	0x3
 1627 05c2 00000000 		.4byte	AMux_1_CYAMUXSIDE_A__maskTable
 1628 05c6 11       		.uleb128 0x11
 1629 05c7 9F050000 		.4byte	0x59f
 1630 05cb 25       		.uleb128 0x25
 1631 05cc 58010000 		.4byte	.LASF52
 1632 05d0 01       		.byte	0x1
 1633 05d1 9901     		.2byte	0x199
 1634 05d3 DD050000 		.4byte	0x5dd
 1635 05d7 05       		.uleb128 0x5
 1636 05d8 03       		.byte	0x3
 1637 05d9 00000000 		.4byte	AMux_1_CYAMUXSIDE_B__addrTable
 1638 05dd 11       		.uleb128 0x11
 1639 05de 6D050000 		.4byte	0x56d
 1640 05e2 25       		.uleb128 0x25
 1641 05e3 5E020000 		.4byte	.LASF53
 1642 05e7 01       		.byte	0x1
 1643 05e8 A101     		.2byte	0x1a1
 1644 05ea F4050000 		.4byte	0x5f4
 1645 05ee 05       		.uleb128 0x5
 1646 05ef 03       		.byte	0x3
 1647 05f0 00000000 		.4byte	AMux_1_CYAMUXSIDE_B__maskTable
 1648 05f4 11       		.uleb128 0x11
 1649 05f5 9F050000 		.4byte	0x59f
 1650 05f9 26       		.uleb128 0x26
 1651 05fa 9D030000 		.4byte	.LASF54
 1652 05fe 9D030000 		.4byte	.LASF54
 1653 0602 26       		.uleb128 0x26
 1654 0603 D9000000 		.4byte	.LASF55
 1655 0607 D9000000 		.4byte	.LASF55
 1656 060b 27       		.uleb128 0x27
 1657 060c 7D020000 		.4byte	.LASF60
 1658 0610 7D020000 		.4byte	.LASF60
 1659 0614 04       		.byte	0x4
 1660 0615 79       		.byte	0x79
 1661 0616 00       		.byte	0
 1662              		.section	.debug_abbrev,"",%progbits
 1663              	.Ldebug_abbrev0:
 1664 0000 01       		.uleb128 0x1
 1665 0001 11       		.uleb128 0x11
 1666 0002 01       		.byte	0x1
 1667 0003 25       		.uleb128 0x25
 1668 0004 0E       		.uleb128 0xe
 1669 0005 13       		.uleb128 0x13
 1670 0006 0B       		.uleb128 0xb
 1671 0007 03       		.uleb128 0x3
 1672 0008 0E       		.uleb128 0xe
 1673 0009 1B       		.uleb128 0x1b
 1674 000a 0E       		.uleb128 0xe
 1675 000b 55       		.uleb128 0x55
ARM GAS  C:\Users\Lukef\AppData\Local\Temp\ccBncuhi.s 			page 41


 1676 000c 17       		.uleb128 0x17
 1677 000d 11       		.uleb128 0x11
 1678 000e 01       		.uleb128 0x1
 1679 000f 10       		.uleb128 0x10
 1680 0010 17       		.uleb128 0x17
 1681 0011 00       		.byte	0
 1682 0012 00       		.byte	0
 1683 0013 02       		.uleb128 0x2
 1684 0014 24       		.uleb128 0x24
 1685 0015 00       		.byte	0
 1686 0016 0B       		.uleb128 0xb
 1687 0017 0B       		.uleb128 0xb
 1688 0018 3E       		.uleb128 0x3e
 1689 0019 0B       		.uleb128 0xb
 1690 001a 03       		.uleb128 0x3
 1691 001b 08       		.uleb128 0x8
 1692 001c 00       		.byte	0
 1693 001d 00       		.byte	0
 1694 001e 03       		.uleb128 0x3
 1695 001f 16       		.uleb128 0x16
 1696 0020 00       		.byte	0
 1697 0021 03       		.uleb128 0x3
 1698 0022 0E       		.uleb128 0xe
 1699 0023 3A       		.uleb128 0x3a
 1700 0024 0B       		.uleb128 0xb
 1701 0025 3B       		.uleb128 0x3b
 1702 0026 0B       		.uleb128 0xb
 1703 0027 49       		.uleb128 0x49
 1704 0028 13       		.uleb128 0x13
 1705 0029 00       		.byte	0
 1706 002a 00       		.byte	0
 1707 002b 04       		.uleb128 0x4
 1708 002c 24       		.uleb128 0x24
 1709 002d 00       		.byte	0
 1710 002e 0B       		.uleb128 0xb
 1711 002f 0B       		.uleb128 0xb
 1712 0030 3E       		.uleb128 0x3e
 1713 0031 0B       		.uleb128 0xb
 1714 0032 03       		.uleb128 0x3
 1715 0033 0E       		.uleb128 0xe
 1716 0034 00       		.byte	0
 1717 0035 00       		.byte	0
 1718 0036 05       		.uleb128 0x5
 1719 0037 0F       		.uleb128 0xf
 1720 0038 00       		.byte	0
 1721 0039 0B       		.uleb128 0xb
 1722 003a 0B       		.uleb128 0xb
 1723 003b 00       		.byte	0
 1724 003c 00       		.byte	0
 1725 003d 06       		.uleb128 0x6
 1726 003e 16       		.uleb128 0x16
 1727 003f 00       		.byte	0
 1728 0040 03       		.uleb128 0x3
 1729 0041 0E       		.uleb128 0xe
 1730 0042 3A       		.uleb128 0x3a
 1731 0043 0B       		.uleb128 0xb
 1732 0044 3B       		.uleb128 0x3b
ARM GAS  C:\Users\Lukef\AppData\Local\Temp\ccBncuhi.s 			page 42


 1733 0045 05       		.uleb128 0x5
 1734 0046 49       		.uleb128 0x49
 1735 0047 13       		.uleb128 0x13
 1736 0048 00       		.byte	0
 1737 0049 00       		.byte	0
 1738 004a 07       		.uleb128 0x7
 1739 004b 35       		.uleb128 0x35
 1740 004c 00       		.byte	0
 1741 004d 49       		.uleb128 0x49
 1742 004e 13       		.uleb128 0x13
 1743 004f 00       		.byte	0
 1744 0050 00       		.byte	0
 1745 0051 08       		.uleb128 0x8
 1746 0052 13       		.uleb128 0x13
 1747 0053 01       		.byte	0x1
 1748 0054 0B       		.uleb128 0xb
 1749 0055 0B       		.uleb128 0xb
 1750 0056 3A       		.uleb128 0x3a
 1751 0057 0B       		.uleb128 0xb
 1752 0058 3B       		.uleb128 0x3b
 1753 0059 0B       		.uleb128 0xb
 1754 005a 01       		.uleb128 0x1
 1755 005b 13       		.uleb128 0x13
 1756 005c 00       		.byte	0
 1757 005d 00       		.byte	0
 1758 005e 09       		.uleb128 0x9
 1759 005f 0D       		.uleb128 0xd
 1760 0060 00       		.byte	0
 1761 0061 03       		.uleb128 0x3
 1762 0062 0E       		.uleb128 0xe
 1763 0063 3A       		.uleb128 0x3a
 1764 0064 0B       		.uleb128 0xb
 1765 0065 3B       		.uleb128 0x3b
 1766 0066 0B       		.uleb128 0xb
 1767 0067 49       		.uleb128 0x49
 1768 0068 13       		.uleb128 0x13
 1769 0069 38       		.uleb128 0x38
 1770 006a 0B       		.uleb128 0xb
 1771 006b 00       		.byte	0
 1772 006c 00       		.byte	0
 1773 006d 0A       		.uleb128 0xa
 1774 006e 2E       		.uleb128 0x2e
 1775 006f 01       		.byte	0x1
 1776 0070 03       		.uleb128 0x3
 1777 0071 0E       		.uleb128 0xe
 1778 0072 3A       		.uleb128 0x3a
 1779 0073 0B       		.uleb128 0xb
 1780 0074 3B       		.uleb128 0x3b
 1781 0075 0B       		.uleb128 0xb
 1782 0076 27       		.uleb128 0x27
 1783 0077 19       		.uleb128 0x19
 1784 0078 8701     		.uleb128 0x87
 1785 007a 19       		.uleb128 0x19
 1786 007b 11       		.uleb128 0x11
 1787 007c 01       		.uleb128 0x1
 1788 007d 12       		.uleb128 0x12
 1789 007e 06       		.uleb128 0x6
ARM GAS  C:\Users\Lukef\AppData\Local\Temp\ccBncuhi.s 			page 43


 1790 007f 40       		.uleb128 0x40
 1791 0080 18       		.uleb128 0x18
 1792 0081 9742     		.uleb128 0x2117
 1793 0083 19       		.uleb128 0x19
 1794 0084 01       		.uleb128 0x1
 1795 0085 13       		.uleb128 0x13
 1796 0086 00       		.byte	0
 1797 0087 00       		.byte	0
 1798 0088 0B       		.uleb128 0xb
 1799 0089 05       		.uleb128 0x5
 1800 008a 00       		.byte	0
 1801 008b 03       		.uleb128 0x3
 1802 008c 0E       		.uleb128 0xe
 1803 008d 3A       		.uleb128 0x3a
 1804 008e 0B       		.uleb128 0xb
 1805 008f 3B       		.uleb128 0x3b
 1806 0090 0B       		.uleb128 0xb
 1807 0091 49       		.uleb128 0x49
 1808 0092 13       		.uleb128 0x13
 1809 0093 02       		.uleb128 0x2
 1810 0094 18       		.uleb128 0x18
 1811 0095 00       		.byte	0
 1812 0096 00       		.byte	0
 1813 0097 0C       		.uleb128 0xc
 1814 0098 2E       		.uleb128 0x2e
 1815 0099 01       		.byte	0x1
 1816 009a 03       		.uleb128 0x3
 1817 009b 0E       		.uleb128 0xe
 1818 009c 3A       		.uleb128 0x3a
 1819 009d 0B       		.uleb128 0xb
 1820 009e 3B       		.uleb128 0x3b
 1821 009f 0B       		.uleb128 0xb
 1822 00a0 27       		.uleb128 0x27
 1823 00a1 19       		.uleb128 0x19
 1824 00a2 11       		.uleb128 0x11
 1825 00a3 01       		.uleb128 0x1
 1826 00a4 12       		.uleb128 0x12
 1827 00a5 06       		.uleb128 0x6
 1828 00a6 40       		.uleb128 0x40
 1829 00a7 18       		.uleb128 0x18
 1830 00a8 9742     		.uleb128 0x2117
 1831 00aa 19       		.uleb128 0x19
 1832 00ab 01       		.uleb128 0x1
 1833 00ac 13       		.uleb128 0x13
 1834 00ad 00       		.byte	0
 1835 00ae 00       		.byte	0
 1836 00af 0D       		.uleb128 0xd
 1837 00b0 34       		.uleb128 0x34
 1838 00b1 00       		.byte	0
 1839 00b2 03       		.uleb128 0x3
 1840 00b3 08       		.uleb128 0x8
 1841 00b4 3A       		.uleb128 0x3a
 1842 00b5 0B       		.uleb128 0xb
 1843 00b6 3B       		.uleb128 0x3b
 1844 00b7 0B       		.uleb128 0xb
 1845 00b8 49       		.uleb128 0x49
 1846 00b9 13       		.uleb128 0x13
ARM GAS  C:\Users\Lukef\AppData\Local\Temp\ccBncuhi.s 			page 44


 1847 00ba 02       		.uleb128 0x2
 1848 00bb 17       		.uleb128 0x17
 1849 00bc 00       		.byte	0
 1850 00bd 00       		.byte	0
 1851 00be 0E       		.uleb128 0xe
 1852 00bf 0B       		.uleb128 0xb
 1853 00c0 01       		.byte	0x1
 1854 00c1 11       		.uleb128 0x11
 1855 00c2 01       		.uleb128 0x1
 1856 00c3 12       		.uleb128 0x12
 1857 00c4 06       		.uleb128 0x6
 1858 00c5 00       		.byte	0
 1859 00c6 00       		.byte	0
 1860 00c7 0F       		.uleb128 0xf
 1861 00c8 34       		.uleb128 0x34
 1862 00c9 00       		.byte	0
 1863 00ca 03       		.uleb128 0x3
 1864 00cb 0E       		.uleb128 0xe
 1865 00cc 3A       		.uleb128 0x3a
 1866 00cd 0B       		.uleb128 0xb
 1867 00ce 3B       		.uleb128 0x3b
 1868 00cf 0B       		.uleb128 0xb
 1869 00d0 49       		.uleb128 0x49
 1870 00d1 13       		.uleb128 0x13
 1871 00d2 02       		.uleb128 0x2
 1872 00d3 17       		.uleb128 0x17
 1873 00d4 00       		.byte	0
 1874 00d5 00       		.byte	0
 1875 00d6 10       		.uleb128 0x10
 1876 00d7 0F       		.uleb128 0xf
 1877 00d8 00       		.byte	0
 1878 00d9 0B       		.uleb128 0xb
 1879 00da 0B       		.uleb128 0xb
 1880 00db 49       		.uleb128 0x49
 1881 00dc 13       		.uleb128 0x13
 1882 00dd 00       		.byte	0
 1883 00de 00       		.byte	0
 1884 00df 11       		.uleb128 0x11
 1885 00e0 26       		.uleb128 0x26
 1886 00e1 00       		.byte	0
 1887 00e2 49       		.uleb128 0x49
 1888 00e3 13       		.uleb128 0x13
 1889 00e4 00       		.byte	0
 1890 00e5 00       		.byte	0
 1891 00e6 12       		.uleb128 0x12
 1892 00e7 2E       		.uleb128 0x2e
 1893 00e8 01       		.byte	0x1
 1894 00e9 03       		.uleb128 0x3
 1895 00ea 0E       		.uleb128 0xe
 1896 00eb 3A       		.uleb128 0x3a
 1897 00ec 0B       		.uleb128 0xb
 1898 00ed 3B       		.uleb128 0x3b
 1899 00ee 05       		.uleb128 0x5
 1900 00ef 27       		.uleb128 0x27
 1901 00f0 19       		.uleb128 0x19
 1902 00f1 11       		.uleb128 0x11
 1903 00f2 01       		.uleb128 0x1
ARM GAS  C:\Users\Lukef\AppData\Local\Temp\ccBncuhi.s 			page 45


 1904 00f3 12       		.uleb128 0x12
 1905 00f4 06       		.uleb128 0x6
 1906 00f5 40       		.uleb128 0x40
 1907 00f6 18       		.uleb128 0x18
 1908 00f7 9742     		.uleb128 0x2117
 1909 00f9 19       		.uleb128 0x19
 1910 00fa 01       		.uleb128 0x1
 1911 00fb 13       		.uleb128 0x13
 1912 00fc 00       		.byte	0
 1913 00fd 00       		.byte	0
 1914 00fe 13       		.uleb128 0x13
 1915 00ff 34       		.uleb128 0x34
 1916 0100 00       		.byte	0
 1917 0101 03       		.uleb128 0x3
 1918 0102 0E       		.uleb128 0xe
 1919 0103 3A       		.uleb128 0x3a
 1920 0104 0B       		.uleb128 0xb
 1921 0105 3B       		.uleb128 0x3b
 1922 0106 05       		.uleb128 0x5
 1923 0107 49       		.uleb128 0x49
 1924 0108 13       		.uleb128 0x13
 1925 0109 02       		.uleb128 0x2
 1926 010a 17       		.uleb128 0x17
 1927 010b 00       		.byte	0
 1928 010c 00       		.byte	0
 1929 010d 14       		.uleb128 0x14
 1930 010e 05       		.uleb128 0x5
 1931 010f 00       		.byte	0
 1932 0110 03       		.uleb128 0x3
 1933 0111 08       		.uleb128 0x8
 1934 0112 3A       		.uleb128 0x3a
 1935 0113 0B       		.uleb128 0xb
 1936 0114 3B       		.uleb128 0x3b
 1937 0115 0B       		.uleb128 0xb
 1938 0116 49       		.uleb128 0x49
 1939 0117 13       		.uleb128 0x13
 1940 0118 02       		.uleb128 0x2
 1941 0119 17       		.uleb128 0x17
 1942 011a 00       		.byte	0
 1943 011b 00       		.byte	0
 1944 011c 15       		.uleb128 0x15
 1945 011d 898201   		.uleb128 0x4109
 1946 0120 01       		.byte	0x1
 1947 0121 11       		.uleb128 0x11
 1948 0122 01       		.uleb128 0x1
 1949 0123 31       		.uleb128 0x31
 1950 0124 13       		.uleb128 0x13
 1951 0125 00       		.byte	0
 1952 0126 00       		.byte	0
 1953 0127 16       		.uleb128 0x16
 1954 0128 8A8201   		.uleb128 0x410a
 1955 012b 00       		.byte	0
 1956 012c 02       		.uleb128 0x2
 1957 012d 18       		.uleb128 0x18
 1958 012e 9142     		.uleb128 0x2111
 1959 0130 18       		.uleb128 0x18
 1960 0131 00       		.byte	0
ARM GAS  C:\Users\Lukef\AppData\Local\Temp\ccBncuhi.s 			page 46


 1961 0132 00       		.byte	0
 1962 0133 17       		.uleb128 0x17
 1963 0134 05       		.uleb128 0x5
 1964 0135 00       		.byte	0
 1965 0136 03       		.uleb128 0x3
 1966 0137 0E       		.uleb128 0xe
 1967 0138 3A       		.uleb128 0x3a
 1968 0139 0B       		.uleb128 0xb
 1969 013a 3B       		.uleb128 0x3b
 1970 013b 0B       		.uleb128 0xb
 1971 013c 49       		.uleb128 0x49
 1972 013d 13       		.uleb128 0x13
 1973 013e 02       		.uleb128 0x2
 1974 013f 17       		.uleb128 0x17
 1975 0140 00       		.byte	0
 1976 0141 00       		.byte	0
 1977 0142 18       		.uleb128 0x18
 1978 0143 26       		.uleb128 0x26
 1979 0144 00       		.byte	0
 1980 0145 00       		.byte	0
 1981 0146 00       		.byte	0
 1982 0147 19       		.uleb128 0x19
 1983 0148 898201   		.uleb128 0x4109
 1984 014b 01       		.byte	0x1
 1985 014c 11       		.uleb128 0x11
 1986 014d 01       		.uleb128 0x1
 1987 014e 31       		.uleb128 0x31
 1988 014f 13       		.uleb128 0x13
 1989 0150 01       		.uleb128 0x1
 1990 0151 13       		.uleb128 0x13
 1991 0152 00       		.byte	0
 1992 0153 00       		.byte	0
 1993 0154 1A       		.uleb128 0x1a
 1994 0155 2E       		.uleb128 0x2e
 1995 0156 01       		.byte	0x1
 1996 0157 3F       		.uleb128 0x3f
 1997 0158 19       		.uleb128 0x19
 1998 0159 03       		.uleb128 0x3
 1999 015a 0E       		.uleb128 0xe
 2000 015b 3A       		.uleb128 0x3a
 2001 015c 0B       		.uleb128 0xb
 2002 015d 3B       		.uleb128 0x3b
 2003 015e 05       		.uleb128 0x5
 2004 015f 27       		.uleb128 0x27
 2005 0160 19       		.uleb128 0x19
 2006 0161 11       		.uleb128 0x11
 2007 0162 01       		.uleb128 0x1
 2008 0163 12       		.uleb128 0x12
 2009 0164 06       		.uleb128 0x6
 2010 0165 40       		.uleb128 0x40
 2011 0166 18       		.uleb128 0x18
 2012 0167 9742     		.uleb128 0x2117
 2013 0169 19       		.uleb128 0x19
 2014 016a 01       		.uleb128 0x1
 2015 016b 13       		.uleb128 0x13
 2016 016c 00       		.byte	0
 2017 016d 00       		.byte	0
ARM GAS  C:\Users\Lukef\AppData\Local\Temp\ccBncuhi.s 			page 47


 2018 016e 1B       		.uleb128 0x1b
 2019 016f 05       		.uleb128 0x5
 2020 0170 00       		.byte	0
 2021 0171 03       		.uleb128 0x3
 2022 0172 0E       		.uleb128 0xe
 2023 0173 3A       		.uleb128 0x3a
 2024 0174 0B       		.uleb128 0xb
 2025 0175 3B       		.uleb128 0x3b
 2026 0176 05       		.uleb128 0x5
 2027 0177 49       		.uleb128 0x49
 2028 0178 13       		.uleb128 0x13
 2029 0179 02       		.uleb128 0x2
 2030 017a 18       		.uleb128 0x18
 2031 017b 00       		.byte	0
 2032 017c 00       		.byte	0
 2033 017d 1C       		.uleb128 0x1c
 2034 017e 34       		.uleb128 0x34
 2035 017f 00       		.byte	0
 2036 0180 03       		.uleb128 0x3
 2037 0181 0E       		.uleb128 0xe
 2038 0182 3A       		.uleb128 0x3a
 2039 0183 0B       		.uleb128 0xb
 2040 0184 3B       		.uleb128 0x3b
 2041 0185 05       		.uleb128 0x5
 2042 0186 49       		.uleb128 0x49
 2043 0187 13       		.uleb128 0x13
 2044 0188 02       		.uleb128 0x2
 2045 0189 18       		.uleb128 0x18
 2046 018a 00       		.byte	0
 2047 018b 00       		.byte	0
 2048 018c 1D       		.uleb128 0x1d
 2049 018d 05       		.uleb128 0x5
 2050 018e 00       		.byte	0
 2051 018f 03       		.uleb128 0x3
 2052 0190 0E       		.uleb128 0xe
 2053 0191 3A       		.uleb128 0x3a
 2054 0192 0B       		.uleb128 0xb
 2055 0193 3B       		.uleb128 0x3b
 2056 0194 05       		.uleb128 0x5
 2057 0195 49       		.uleb128 0x49
 2058 0196 13       		.uleb128 0x13
 2059 0197 02       		.uleb128 0x2
 2060 0198 17       		.uleb128 0x17
 2061 0199 00       		.byte	0
 2062 019a 00       		.byte	0
 2063 019b 1E       		.uleb128 0x1e
 2064 019c 0B       		.uleb128 0xb
 2065 019d 01       		.byte	0x1
 2066 019e 11       		.uleb128 0x11
 2067 019f 01       		.uleb128 0x1
 2068 01a0 12       		.uleb128 0x12
 2069 01a1 06       		.uleb128 0x6
 2070 01a2 01       		.uleb128 0x1
 2071 01a3 13       		.uleb128 0x13
 2072 01a4 00       		.byte	0
 2073 01a5 00       		.byte	0
 2074 01a6 1F       		.uleb128 0x1f
ARM GAS  C:\Users\Lukef\AppData\Local\Temp\ccBncuhi.s 			page 48


 2075 01a7 13       		.uleb128 0x13
 2076 01a8 01       		.byte	0x1
 2077 01a9 0B       		.uleb128 0xb
 2078 01aa 0B       		.uleb128 0xb
 2079 01ab 3A       		.uleb128 0x3a
 2080 01ac 0B       		.uleb128 0xb
 2081 01ad 3B       		.uleb128 0x3b
 2082 01ae 05       		.uleb128 0x5
 2083 01af 01       		.uleb128 0x1
 2084 01b0 13       		.uleb128 0x13
 2085 01b1 00       		.byte	0
 2086 01b2 00       		.byte	0
 2087 01b3 20       		.uleb128 0x20
 2088 01b4 0D       		.uleb128 0xd
 2089 01b5 00       		.byte	0
 2090 01b6 03       		.uleb128 0x3
 2091 01b7 0E       		.uleb128 0xe
 2092 01b8 3A       		.uleb128 0x3a
 2093 01b9 0B       		.uleb128 0xb
 2094 01ba 3B       		.uleb128 0x3b
 2095 01bb 05       		.uleb128 0x5
 2096 01bc 49       		.uleb128 0x49
 2097 01bd 13       		.uleb128 0x13
 2098 01be 38       		.uleb128 0x38
 2099 01bf 0B       		.uleb128 0xb
 2100 01c0 00       		.byte	0
 2101 01c1 00       		.byte	0
 2102 01c2 21       		.uleb128 0x21
 2103 01c3 01       		.uleb128 0x1
 2104 01c4 01       		.byte	0x1
 2105 01c5 49       		.uleb128 0x49
 2106 01c6 13       		.uleb128 0x13
 2107 01c7 01       		.uleb128 0x1
 2108 01c8 13       		.uleb128 0x13
 2109 01c9 00       		.byte	0
 2110 01ca 00       		.byte	0
 2111 01cb 22       		.uleb128 0x22
 2112 01cc 21       		.uleb128 0x21
 2113 01cd 00       		.byte	0
 2114 01ce 49       		.uleb128 0x49
 2115 01cf 13       		.uleb128 0x13
 2116 01d0 2F       		.uleb128 0x2f
 2117 01d1 0B       		.uleb128 0xb
 2118 01d2 00       		.byte	0
 2119 01d3 00       		.byte	0
 2120 01d4 23       		.uleb128 0x23
 2121 01d5 34       		.uleb128 0x34
 2122 01d6 00       		.byte	0
 2123 01d7 03       		.uleb128 0x3
 2124 01d8 08       		.uleb128 0x8
 2125 01d9 3A       		.uleb128 0x3a
 2126 01da 0B       		.uleb128 0xb
 2127 01db 3B       		.uleb128 0x3b
 2128 01dc 05       		.uleb128 0x5
 2129 01dd 49       		.uleb128 0x49
 2130 01de 13       		.uleb128 0x13
 2131 01df 02       		.uleb128 0x2
ARM GAS  C:\Users\Lukef\AppData\Local\Temp\ccBncuhi.s 			page 49


 2132 01e0 17       		.uleb128 0x17
 2133 01e1 00       		.byte	0
 2134 01e2 00       		.byte	0
 2135 01e3 24       		.uleb128 0x24
 2136 01e4 898201   		.uleb128 0x4109
 2137 01e7 00       		.byte	0
 2138 01e8 11       		.uleb128 0x11
 2139 01e9 01       		.uleb128 0x1
 2140 01ea 31       		.uleb128 0x31
 2141 01eb 13       		.uleb128 0x13
 2142 01ec 00       		.byte	0
 2143 01ed 00       		.byte	0
 2144 01ee 25       		.uleb128 0x25
 2145 01ef 34       		.uleb128 0x34
 2146 01f0 00       		.byte	0
 2147 01f1 03       		.uleb128 0x3
 2148 01f2 0E       		.uleb128 0xe
 2149 01f3 3A       		.uleb128 0x3a
 2150 01f4 0B       		.uleb128 0xb
 2151 01f5 3B       		.uleb128 0x3b
 2152 01f6 05       		.uleb128 0x5
 2153 01f7 49       		.uleb128 0x49
 2154 01f8 13       		.uleb128 0x13
 2155 01f9 3F       		.uleb128 0x3f
 2156 01fa 19       		.uleb128 0x19
 2157 01fb 02       		.uleb128 0x2
 2158 01fc 18       		.uleb128 0x18
 2159 01fd 00       		.byte	0
 2160 01fe 00       		.byte	0
 2161 01ff 26       		.uleb128 0x26
 2162 0200 2E       		.uleb128 0x2e
 2163 0201 00       		.byte	0
 2164 0202 3F       		.uleb128 0x3f
 2165 0203 19       		.uleb128 0x19
 2166 0204 3C       		.uleb128 0x3c
 2167 0205 19       		.uleb128 0x19
 2168 0206 6E       		.uleb128 0x6e
 2169 0207 0E       		.uleb128 0xe
 2170 0208 03       		.uleb128 0x3
 2171 0209 0E       		.uleb128 0xe
 2172 020a 00       		.byte	0
 2173 020b 00       		.byte	0
 2174 020c 27       		.uleb128 0x27
 2175 020d 2E       		.uleb128 0x2e
 2176 020e 00       		.byte	0
 2177 020f 3F       		.uleb128 0x3f
 2178 0210 19       		.uleb128 0x19
 2179 0211 3C       		.uleb128 0x3c
 2180 0212 19       		.uleb128 0x19
 2181 0213 6E       		.uleb128 0x6e
 2182 0214 0E       		.uleb128 0xe
 2183 0215 03       		.uleb128 0x3
 2184 0216 0E       		.uleb128 0xe
 2185 0217 3A       		.uleb128 0x3a
 2186 0218 0B       		.uleb128 0xb
 2187 0219 3B       		.uleb128 0x3b
 2188 021a 0B       		.uleb128 0xb
ARM GAS  C:\Users\Lukef\AppData\Local\Temp\ccBncuhi.s 			page 50


 2189 021b 00       		.byte	0
 2190 021c 00       		.byte	0
 2191 021d 00       		.byte	0
 2192              		.section	.debug_loc,"",%progbits
 2193              	.Ldebug_loc0:
 2194              	.LLST0:
 2195 0000 02000000 		.4byte	.LVL2
 2196 0004 08000000 		.4byte	.LVL3
 2197 0008 0200     		.2byte	0x2
 2198 000a 30       		.byte	0x30
 2199 000b 9F       		.byte	0x9f
 2200 000c 08000000 		.4byte	.LVL3
 2201 0010 32000000 		.4byte	.LVL11
 2202 0014 0100     		.2byte	0x1
 2203 0016 57       		.byte	0x57
 2204 0017 00000000 		.4byte	0
 2205 001b 00000000 		.4byte	0
 2206              	.LLST1:
 2207 001f 02000000 		.4byte	.LVL2
 2208 0023 08000000 		.4byte	.LVL3
 2209 0027 0200     		.2byte	0x2
 2210 0029 30       		.byte	0x30
 2211 002a 9F       		.byte	0x9f
 2212 002b 08000000 		.4byte	.LVL3
 2213 002f 34000000 		.4byte	.LFE4
 2214 0033 0100     		.2byte	0x1
 2215 0035 52       		.byte	0x52
 2216 0036 00000000 		.4byte	0
 2217 003a 00000000 		.4byte	0
 2218              	.LLST2:
 2219 003e 0C000000 		.4byte	.LVL4
 2220 0042 2C000000 		.4byte	.LVL10
 2221 0046 0100     		.2byte	0x1
 2222 0048 56       		.byte	0x56
 2223 0049 00000000 		.4byte	0
 2224 004d 00000000 		.4byte	0
 2225              	.LLST3:
 2226 0051 0E000000 		.4byte	.LVL5
 2227 0055 24000000 		.4byte	.LVL8
 2228 0059 0100     		.2byte	0x1
 2229 005b 53       		.byte	0x53
 2230 005c 26000000 		.4byte	.LVL9
 2231 0060 2C000000 		.4byte	.LVL10
 2232 0064 0100     		.2byte	0x1
 2233 0066 53       		.byte	0x53
 2234 0067 00000000 		.4byte	0
 2235 006b 00000000 		.4byte	0
 2236              	.LLST4:
 2237 006f 06000000 		.4byte	.LVL12
 2238 0073 10000000 		.4byte	.LVL13
 2239 0077 0100     		.2byte	0x1
 2240 0079 53       		.byte	0x53
 2241 007a 00000000 		.4byte	0
 2242 007e 00000000 		.4byte	0
 2243              	.LLST5:
 2244 0082 00000000 		.4byte	.LVL14
 2245 0086 09000000 		.4byte	.LVL16-1
ARM GAS  C:\Users\Lukef\AppData\Local\Temp\ccBncuhi.s 			page 51


 2246 008a 0100     		.2byte	0x1
 2247 008c 50       		.byte	0x50
 2248 008d 09000000 		.4byte	.LVL16-1
 2249 0091 0C000000 		.4byte	.LFE0
 2250 0095 0400     		.2byte	0x4
 2251 0097 F3       		.byte	0xf3
 2252 0098 01       		.uleb128 0x1
 2253 0099 50       		.byte	0x50
 2254 009a 9F       		.byte	0x9f
 2255 009b 00000000 		.4byte	0
 2256 009f 00000000 		.4byte	0
 2257              	.LLST6:
 2258 00a3 00000000 		.4byte	.LVL14
 2259 00a7 06000000 		.4byte	.LVL15
 2260 00ab 0100     		.2byte	0x1
 2261 00ad 51       		.byte	0x51
 2262 00ae 06000000 		.4byte	.LVL15
 2263 00b2 09000000 		.4byte	.LVL16-1
 2264 00b6 0100     		.2byte	0x1
 2265 00b8 52       		.byte	0x52
 2266 00b9 09000000 		.4byte	.LVL16-1
 2267 00bd 0C000000 		.4byte	.LFE0
 2268 00c1 0400     		.2byte	0x4
 2269 00c3 F3       		.byte	0xf3
 2270 00c4 01       		.uleb128 0x1
 2271 00c5 51       		.byte	0x51
 2272 00c6 9F       		.byte	0x9f
 2273 00c7 00000000 		.4byte	0
 2274 00cb 00000000 		.4byte	0
 2275              	.LLST7:
 2276 00cf 00000000 		.4byte	.LVL17
 2277 00d3 05000000 		.4byte	.LVL18-1
 2278 00d7 0100     		.2byte	0x1
 2279 00d9 50       		.byte	0x50
 2280 00da 05000000 		.4byte	.LVL18-1
 2281 00de 08000000 		.4byte	.LFE1
 2282 00e2 0400     		.2byte	0x4
 2283 00e4 F3       		.byte	0xf3
 2284 00e5 01       		.uleb128 0x1
 2285 00e6 50       		.byte	0x50
 2286 00e7 9F       		.byte	0x9f
 2287 00e8 00000000 		.4byte	0
 2288 00ec 00000000 		.4byte	0
 2289              	.LLST8:
 2290 00f0 00000000 		.4byte	.LVL17
 2291 00f4 05000000 		.4byte	.LVL18-1
 2292 00f8 0100     		.2byte	0x1
 2293 00fa 51       		.byte	0x51
 2294 00fb 05000000 		.4byte	.LVL18-1
 2295 00ff 08000000 		.4byte	.LFE1
 2296 0103 0400     		.2byte	0x4
 2297 0105 F3       		.byte	0xf3
 2298 0106 01       		.uleb128 0x1
 2299 0107 51       		.byte	0x51
 2300 0108 9F       		.byte	0x9f
 2301 0109 00000000 		.4byte	0
 2302 010d 00000000 		.4byte	0
ARM GAS  C:\Users\Lukef\AppData\Local\Temp\ccBncuhi.s 			page 52


 2303              	.LLST9:
 2304 0111 00000000 		.4byte	.LVL17
 2305 0115 05000000 		.4byte	.LVL18-1
 2306 0119 0100     		.2byte	0x1
 2307 011b 52       		.byte	0x52
 2308 011c 05000000 		.4byte	.LVL18-1
 2309 0120 08000000 		.4byte	.LFE1
 2310 0124 0400     		.2byte	0x4
 2311 0126 F3       		.byte	0xf3
 2312 0127 01       		.uleb128 0x1
 2313 0128 52       		.byte	0x52
 2314 0129 9F       		.byte	0x9f
 2315 012a 00000000 		.4byte	0
 2316 012e 00000000 		.4byte	0
 2317              	.LLST10:
 2318 0132 44000000 		.4byte	.LVL20
 2319 0136 48000000 		.4byte	.LVL21
 2320 013a 0200     		.2byte	0x2
 2321 013c 49       		.byte	0x49
 2322 013d 9F       		.byte	0x9f
 2323 013e 48000000 		.4byte	.LVL21
 2324 0142 B6000000 		.4byte	.LVL27
 2325 0146 0100     		.2byte	0x1
 2326 0148 55       		.byte	0x55
 2327 0149 00000000 		.4byte	0
 2328 014d 00000000 		.4byte	0
 2329              	.LLST11:
 2330 0151 44000000 		.4byte	.LVL20
 2331 0155 48000000 		.4byte	.LVL21
 2332 0159 0200     		.2byte	0x2
 2333 015b 30       		.byte	0x30
 2334 015c 9F       		.byte	0x9f
 2335 015d 48000000 		.4byte	.LVL21
 2336 0161 54000000 		.4byte	.LVL22
 2337 0165 0100     		.2byte	0x1
 2338 0167 54       		.byte	0x54
 2339 0168 58000000 		.4byte	.LVL23
 2340 016c B6000000 		.4byte	.LVL27
 2341 0170 0100     		.2byte	0x1
 2342 0172 54       		.byte	0x54
 2343 0173 00000000 		.4byte	0
 2344 0177 00000000 		.4byte	0
 2345              	.LLST12:
 2346 017b 00000000 		.4byte	.LVL32
 2347 017f 08000000 		.4byte	.LVL33
 2348 0183 0100     		.2byte	0x1
 2349 0185 50       		.byte	0x50
 2350 0186 08000000 		.4byte	.LVL33
 2351 018a 0A000000 		.4byte	.LVL34
 2352 018e 0400     		.2byte	0x4
 2353 0190 F3       		.byte	0xf3
 2354 0191 01       		.uleb128 0x1
 2355 0192 50       		.byte	0x50
 2356 0193 9F       		.byte	0x9f
 2357 0194 0A000000 		.4byte	.LVL34
 2358 0198 1C000000 		.4byte	.LVL35
 2359 019c 0100     		.2byte	0x1
ARM GAS  C:\Users\Lukef\AppData\Local\Temp\ccBncuhi.s 			page 53


 2360 019e 50       		.byte	0x50
 2361 019f 1C000000 		.4byte	.LVL35
 2362 01a3 1E000000 		.4byte	.LVL36
 2363 01a7 0300     		.2byte	0x3
 2364 01a9 70       		.byte	0x70
 2365 01aa 7F       		.sleb128 -1
 2366 01ab 9F       		.byte	0x9f
 2367 01ac 1E000000 		.4byte	.LVL36
 2368 01b0 24000000 		.4byte	.LVL37
 2369 01b4 0100     		.2byte	0x1
 2370 01b6 50       		.byte	0x50
 2371 01b7 24000000 		.4byte	.LVL37
 2372 01bb 2E000000 		.4byte	.LVL38
 2373 01bf 0900     		.2byte	0x9
 2374 01c1 70       		.byte	0x70
 2375 01c2 00       		.sleb128 0
 2376 01c3 03       		.byte	0x3
 2377 01c4 00000000 		.4byte	.LANCHOR0
 2378 01c8 1C       		.byte	0x1c
 2379 01c9 9F       		.byte	0x9f
 2380 01ca 00000000 		.4byte	0
 2381 01ce 00000000 		.4byte	0
 2382              	.LLST13:
 2383 01d2 00000000 		.4byte	.LVL39
 2384 01d6 08000000 		.4byte	.LVL40
 2385 01da 0100     		.2byte	0x1
 2386 01dc 50       		.byte	0x50
 2387 01dd 08000000 		.4byte	.LVL40
 2388 01e1 0A000000 		.4byte	.LVL41
 2389 01e5 0400     		.2byte	0x4
 2390 01e7 F3       		.byte	0xf3
 2391 01e8 01       		.uleb128 0x1
 2392 01e9 50       		.byte	0x50
 2393 01ea 9F       		.byte	0x9f
 2394 01eb 0A000000 		.4byte	.LVL41
 2395 01ef 1E000000 		.4byte	.LVL42
 2396 01f3 0100     		.2byte	0x1
 2397 01f5 50       		.byte	0x50
 2398 01f6 1E000000 		.4byte	.LVL42
 2399 01fa 20000000 		.4byte	.LVL43
 2400 01fe 0300     		.2byte	0x3
 2401 0200 70       		.byte	0x70
 2402 0201 7F       		.sleb128 -1
 2403 0202 9F       		.byte	0x9f
 2404 0203 20000000 		.4byte	.LVL43
 2405 0207 26000000 		.4byte	.LVL44
 2406 020b 0100     		.2byte	0x1
 2407 020d 50       		.byte	0x50
 2408 020e 26000000 		.4byte	.LVL44
 2409 0212 32000000 		.4byte	.LVL45
 2410 0216 0900     		.2byte	0x9
 2411 0218 70       		.byte	0x70
 2412 0219 00       		.sleb128 0
 2413 021a 03       		.byte	0x3
 2414 021b 00000000 		.4byte	.LANCHOR0
 2415 021f 1C       		.byte	0x1c
 2416 0220 9F       		.byte	0x9f
ARM GAS  C:\Users\Lukef\AppData\Local\Temp\ccBncuhi.s 			page 54


 2417 0221 00000000 		.4byte	0
 2418 0225 00000000 		.4byte	0
 2419              	.LLST14:
 2420 0229 00000000 		.4byte	.LVL46
 2421 022d 08000000 		.4byte	.LVL47
 2422 0231 0100     		.2byte	0x1
 2423 0233 50       		.byte	0x50
 2424 0234 08000000 		.4byte	.LVL47
 2425 0238 0A000000 		.4byte	.LVL48
 2426 023c 0400     		.2byte	0x4
 2427 023e F3       		.byte	0xf3
 2428 023f 01       		.uleb128 0x1
 2429 0240 50       		.byte	0x50
 2430 0241 9F       		.byte	0x9f
 2431 0242 0A000000 		.4byte	.LVL48
 2432 0246 20000000 		.4byte	.LVL49
 2433 024a 0100     		.2byte	0x1
 2434 024c 50       		.byte	0x50
 2435 024d 20000000 		.4byte	.LVL49
 2436 0251 22000000 		.4byte	.LVL50
 2437 0255 0300     		.2byte	0x3
 2438 0257 70       		.byte	0x70
 2439 0258 7F       		.sleb128 -1
 2440 0259 9F       		.byte	0x9f
 2441 025a 22000000 		.4byte	.LVL50
 2442 025e 2A000000 		.4byte	.LVL51
 2443 0262 0100     		.2byte	0x1
 2444 0264 50       		.byte	0x50
 2445 0265 2A000000 		.4byte	.LVL51
 2446 0269 36000000 		.4byte	.LVL52
 2447 026d 0900     		.2byte	0x9
 2448 026f 70       		.byte	0x70
 2449 0270 00       		.sleb128 0
 2450 0271 03       		.byte	0x3
 2451 0272 00000000 		.4byte	.LANCHOR0
 2452 0276 1C       		.byte	0x1c
 2453 0277 9F       		.byte	0x9f
 2454 0278 00000000 		.4byte	0
 2455 027c 00000000 		.4byte	0
 2456              	.LLST15:
 2457 0280 00000000 		.4byte	.LVL53
 2458 0284 08000000 		.4byte	.LVL54
 2459 0288 0100     		.2byte	0x1
 2460 028a 50       		.byte	0x50
 2461 028b 08000000 		.4byte	.LVL54
 2462 028f 0A000000 		.4byte	.LVL55
 2463 0293 0400     		.2byte	0x4
 2464 0295 F3       		.byte	0xf3
 2465 0296 01       		.uleb128 0x1
 2466 0297 50       		.byte	0x50
 2467 0298 9F       		.byte	0x9f
 2468 0299 0A000000 		.4byte	.LVL55
 2469 029d 22000000 		.4byte	.LVL56
 2470 02a1 0100     		.2byte	0x1
 2471 02a3 50       		.byte	0x50
 2472 02a4 22000000 		.4byte	.LVL56
 2473 02a8 24000000 		.4byte	.LVL57
ARM GAS  C:\Users\Lukef\AppData\Local\Temp\ccBncuhi.s 			page 55


 2474 02ac 0300     		.2byte	0x3
 2475 02ae 70       		.byte	0x70
 2476 02af 7F       		.sleb128 -1
 2477 02b0 9F       		.byte	0x9f
 2478 02b1 24000000 		.4byte	.LVL57
 2479 02b5 2C000000 		.4byte	.LVL58
 2480 02b9 0100     		.2byte	0x1
 2481 02bb 50       		.byte	0x50
 2482 02bc 2C000000 		.4byte	.LVL58
 2483 02c0 3A000000 		.4byte	.LVL59
 2484 02c4 0900     		.2byte	0x9
 2485 02c6 70       		.byte	0x70
 2486 02c7 00       		.sleb128 0
 2487 02c8 03       		.byte	0x3
 2488 02c9 00000000 		.4byte	.LANCHOR0
 2489 02cd 1C       		.byte	0x1c
 2490 02ce 9F       		.byte	0x9f
 2491 02cf 00000000 		.4byte	0
 2492 02d3 00000000 		.4byte	0
 2493              	.LLST16:
 2494 02d7 0E000000 		.4byte	.LVL60
 2495 02db 12000000 		.4byte	.LVL61
 2496 02df 0200     		.2byte	0x2
 2497 02e1 30       		.byte	0x30
 2498 02e2 9F       		.byte	0x9f
 2499 02e3 12000000 		.4byte	.LVL61
 2500 02e7 2A000000 		.4byte	.LVL63
 2501 02eb 0100     		.2byte	0x1
 2502 02ed 54       		.byte	0x54
 2503 02ee 2C000000 		.4byte	.LVL64
 2504 02f2 56000000 		.4byte	.LVL66
 2505 02f6 0100     		.2byte	0x1
 2506 02f8 54       		.byte	0x54
 2507 02f9 00000000 		.4byte	0
 2508 02fd 00000000 		.4byte	0
 2509              	.LLST17:
 2510 0301 12000000 		.4byte	.LVL61
 2511 0305 2A000000 		.4byte	.LVL63
 2512 0309 0B00     		.2byte	0xb
 2513 030b 74       		.byte	0x74
 2514 030c 00       		.sleb128 0
 2515 030d 36       		.byte	0x36
 2516 030e 1E       		.byte	0x1e
 2517 030f 03       		.byte	0x3
 2518 0310 40000000 		.4byte	cfg_memset_list.5041
 2519 0314 22       		.byte	0x22
 2520 0315 9F       		.byte	0x9f
 2521 0316 2A000000 		.4byte	.LVL63
 2522 031a 2C000000 		.4byte	.LVL64
 2523 031e 0B00     		.2byte	0xb
 2524 0320 74       		.byte	0x74
 2525 0321 7F       		.sleb128 -1
 2526 0322 36       		.byte	0x36
 2527 0323 1E       		.byte	0x1e
 2528 0324 03       		.byte	0x3
 2529 0325 40000000 		.4byte	cfg_memset_list.5041
 2530 0329 22       		.byte	0x22
ARM GAS  C:\Users\Lukef\AppData\Local\Temp\ccBncuhi.s 			page 56


 2531 032a 9F       		.byte	0x9f
 2532 032b 00000000 		.4byte	0
 2533 032f 00000000 		.4byte	0
 2534              		.section	.debug_aranges,"",%progbits
 2535 0000 74000000 		.4byte	0x74
 2536 0004 0200     		.2byte	0x2
 2537 0006 00000000 		.4byte	.Ldebug_info0
 2538 000a 04       		.byte	0x4
 2539 000b 00       		.byte	0
 2540 000c 0000     		.2byte	0
 2541 000e 0000     		.2byte	0
 2542 0010 00000000 		.4byte	.LFB3
 2543 0014 02000000 		.4byte	.LFE3-.LFB3
 2544 0018 00000000 		.4byte	.LFB4
 2545 001c 34000000 		.4byte	.LFE4-.LFB4
 2546 0020 00000000 		.4byte	.LFB6
 2547 0024 4C000000 		.4byte	.LFE6-.LFB6
 2548 0028 00000000 		.4byte	.LFB0
 2549 002c 0C000000 		.4byte	.LFE0-.LFB0
 2550 0030 00000000 		.4byte	.LFB1
 2551 0034 08000000 		.4byte	.LFE1-.LFB1
 2552 0038 00000000 		.4byte	.LFB5
 2553 003c E4000000 		.4byte	.LFE5-.LFB5
 2554 0040 00000000 		.4byte	.LFB7
 2555 0044 1C000000 		.4byte	.LFE7-.LFB7
 2556 0048 00000000 		.4byte	.LFB8
 2557 004c 34000000 		.4byte	.LFE8-.LFB8
 2558 0050 00000000 		.4byte	.LFB9
 2559 0054 38000000 		.4byte	.LFE9-.LFB9
 2560 0058 00000000 		.4byte	.LFB10
 2561 005c 3C000000 		.4byte	.LFE10-.LFB10
 2562 0060 00000000 		.4byte	.LFB11
 2563 0064 40000000 		.4byte	.LFE11-.LFB11
 2564 0068 00000000 		.4byte	.LFB12
 2565 006c F8000000 		.4byte	.LFE12-.LFB12
 2566 0070 00000000 		.4byte	0
 2567 0074 00000000 		.4byte	0
 2568              		.section	.debug_ranges,"",%progbits
 2569              	.Ldebug_ranges0:
 2570 0000 00000000 		.4byte	.LFB3
 2571 0004 02000000 		.4byte	.LFE3
 2572 0008 00000000 		.4byte	.LFB4
 2573 000c 34000000 		.4byte	.LFE4
 2574 0010 00000000 		.4byte	.LFB6
 2575 0014 4C000000 		.4byte	.LFE6
 2576 0018 00000000 		.4byte	.LFB0
 2577 001c 0C000000 		.4byte	.LFE0
 2578 0020 00000000 		.4byte	.LFB1
 2579 0024 08000000 		.4byte	.LFE1
 2580 0028 00000000 		.4byte	.LFB5
 2581 002c E4000000 		.4byte	.LFE5
 2582 0030 00000000 		.4byte	.LFB7
 2583 0034 1C000000 		.4byte	.LFE7
 2584 0038 00000000 		.4byte	.LFB8
 2585 003c 34000000 		.4byte	.LFE8
 2586 0040 00000000 		.4byte	.LFB9
 2587 0044 38000000 		.4byte	.LFE9
ARM GAS  C:\Users\Lukef\AppData\Local\Temp\ccBncuhi.s 			page 57


 2588 0048 00000000 		.4byte	.LFB10
 2589 004c 3C000000 		.4byte	.LFE10
 2590 0050 00000000 		.4byte	.LFB11
 2591 0054 40000000 		.4byte	.LFE11
 2592 0058 00000000 		.4byte	.LFB12
 2593 005c F8000000 		.4byte	.LFE12
 2594 0060 00000000 		.4byte	0
 2595 0064 00000000 		.4byte	0
 2596              		.section	.debug_line,"",%progbits
 2597              	.Ldebug_line0:
 2598 0000 39020000 		.section	.debug_str,"MS",%progbits,1
 2598      0200D600 
 2598      00000201 
 2598      FB0E0D00 
 2598      01010101 
 2599              	.LASF27:
 2600 0000 636F756E 		.ascii	"count\000"
 2600      7400
 2601              	.LASF14:
 2602 0006 75696E74 		.ascii	"uint16\000"
 2602      313600
 2603              	.LASF26:
 2604 000d 62617365 		.ascii	"baseAddr\000"
 2604      41646472 
 2604      00
 2605              	.LASF12:
 2606 0016 73697A65 		.ascii	"size_t\000"
 2606      5F7400
 2607              	.LASF59:
 2608 001d 4379436C 		.ascii	"CyClockStartupError\000"
 2608      6F636B53 
 2608      74617274 
 2608      75704572 
 2608      726F7200 
 2609              	.LASF25:
 2610 0031 64617461 		.ascii	"data_table\000"
 2610      5F746162 
 2610      6C6500
 2611              	.LASF9:
 2612 003c 6C6F6E67 		.ascii	"long long unsigned int\000"
 2612      206C6F6E 
 2612      6720756E 
 2612      7369676E 
 2612      65642069 
 2613              	.LASF24:
 2614 0053 61646472 		.ascii	"addr_table\000"
 2614      5F746162 
 2614      6C6500
 2615              	.LASF29:
 2616 005e 416E616C 		.ascii	"AnalogSetDefault\000"
 2616      6F675365 
 2616      74446566 
 2616      61756C74 
 2616      00
 2617              	.LASF42:
 2618 006f 414D7578 		.ascii	"AMux_1_CYAMUXSIDE_A_Unset\000"
 2618      5F315F43 
ARM GAS  C:\Users\Lukef\AppData\Local\Temp\ccBncuhi.s 			page 58


 2618      59414D55 
 2618      58534944 
 2618      455F415F 
 2619              	.LASF1:
 2620 0089 6C6F6E67 		.ascii	"long long int\000"
 2620      206C6F6E 
 2620      6720696E 
 2620      7400
 2621              	.LASF3:
 2622 0097 7369676E 		.ascii	"signed char\000"
 2622      65642063 
 2622      68617200 
 2623              	.LASF28:
 2624 00a3 6366675F 		.ascii	"cfg_write_bytes32\000"
 2624      77726974 
 2624      655F6279 
 2624      74657333 
 2624      3200
 2625              	.LASF34:
 2626 00b5 436C6F63 		.ascii	"ClockSetup\000"
 2626      6B536574 
 2626      757000
 2627              	.LASF23:
 2628 00c0 6572726F 		.ascii	"errorCode\000"
 2628      72436F64 
 2628      6500
 2629              	.LASF7:
 2630 00ca 6C6F6E67 		.ascii	"long int\000"
 2630      20696E74 
 2630      00
 2631              	.LASF19:
 2632 00d3 72656731 		.ascii	"reg16\000"
 2632      3600
 2633              	.LASF55:
 2634 00d9 6D656D63 		.ascii	"memcpy\000"
 2634      707900
 2635              	.LASF13:
 2636 00e0 75696E74 		.ascii	"uint8\000"
 2636      3800
 2637              	.LASF17:
 2638 00e6 646F7562 		.ascii	"double\000"
 2638      6C6500
 2639              	.LASF51:
 2640 00ed 414D7578 		.ascii	"AMux_1_CYAMUXSIDE_A__maskTable\000"
 2640      5F315F43 
 2640      59414D55 
 2640      58534944 
 2640      455F415F 
 2641              	.LASF31:
 2642 010c 43594D45 		.ascii	"CYMEMZERO\000"
 2642      4D5A4552 
 2642      4F00
 2643              	.LASF15:
 2644 0116 75696E74 		.ascii	"uint32\000"
 2644      333200
 2645              	.LASF50:
 2646 011d 414D7578 		.ascii	"AMux_1_CYAMUXSIDE_A__addrTable\000"
ARM GAS  C:\Users\Lukef\AppData\Local\Temp\ccBncuhi.s 			page 59


 2646      5F315F43 
 2646      59414D55 
 2646      58534944 
 2646      455F415F 
 2647              	.LASF38:
 2648 013c 72656756 		.ascii	"regValue\000"
 2648      616C7565 
 2648      00
 2649              	.LASF21:
 2650 0145 76616C75 		.ascii	"value\000"
 2650      6500
 2651              	.LASF0:
 2652 014b 756E7369 		.ascii	"unsigned int\000"
 2652      676E6564 
 2652      20696E74 
 2652      00
 2653              	.LASF52:
 2654 0158 414D7578 		.ascii	"AMux_1_CYAMUXSIDE_B__addrTable\000"
 2654      5F315F43 
 2654      59414D55 
 2654      58534944 
 2654      455F425F 
 2655              	.LASF40:
 2656 0177 414D7578 		.ascii	"AMux_1_CYAMUXSIDE_A_Set\000"
 2656      5F315F43 
 2656      59414D55 
 2656      58534944 
 2656      455F415F 
 2657              	.LASF8:
 2658 018f 6C6F6E67 		.ascii	"long unsigned int\000"
 2658      20756E73 
 2658      69676E65 
 2658      6420696E 
 2658      7400
 2659              	.LASF35:
 2660 01a1 74696D65 		.ascii	"timeout\000"
 2660      6F757400 
 2661              	.LASF47:
 2662 01a9 73697A65 		.ascii	"size\000"
 2662      00
 2663              	.LASF6:
 2664 01ae 73686F72 		.ascii	"short unsigned int\000"
 2664      7420756E 
 2664      7369676E 
 2664      65642069 
 2664      6E7400
 2665              	.LASF10:
 2666 01c1 73697A65 		.ascii	"sizetype\000"
 2666      74797065 
 2666      00
 2667              	.LASF2:
 2668 01ca 6C6F6E67 		.ascii	"long double\000"
 2668      20646F75 
 2668      626C6500 
 2669              	.LASF30:
 2670 01d6 62675F78 		.ascii	"bg_xover_inl_trim\000"
 2670      6F766572 
ARM GAS  C:\Users\Lukef\AppData\Local\Temp\ccBncuhi.s 			page 60


 2670      5F696E6C 
 2670      5F747269 
 2670      6D00
 2671              	.LASF48:
 2672 01e8 6366675F 		.ascii	"cfg_memset_t\000"
 2672      6D656D73 
 2672      65745F74 
 2672      00
 2673              	.LASF49:
 2674 01f5 6366675F 		.ascii	"cfg_memset_list\000"
 2674      6D656D73 
 2674      65745F6C 
 2674      69737400 
 2675              	.LASF58:
 2676 0205 433A5C55 		.ascii	"C:\\Users\\Lukef\\OneDrive\\Documents\\Thermistor-R"
 2676      73657273 
 2676      5C4C756B 
 2676      65665C4F 
 2676      6E654472 
 2677 0233 65616469 		.ascii	"eading\\Thermistor_Reading.cydsn\000"
 2677      6E675C54 
 2677      6865726D 
 2677      6973746F 
 2677      725F5265 
 2678              	.LASF33:
 2679 0253 64657374 		.ascii	"dest\000"
 2679      00
 2680              	.LASF16:
 2681 0258 666C6F61 		.ascii	"float\000"
 2681      7400
 2682              	.LASF53:
 2683 025e 414D7578 		.ascii	"AMux_1_CYAMUXSIDE_B__maskTable\000"
 2683      5F315F43 
 2683      59414D55 
 2683      58534944 
 2683      455F425F 
 2684              	.LASF60:
 2685 027d 43794465 		.ascii	"CyDelayCycles\000"
 2685      6C617943 
 2685      79636C65 
 2685      7300
 2686              	.LASF44:
 2687 028b 414D7578 		.ascii	"AMux_1_CYAMUXSIDE_B_Unset\000"
 2687      5F315F43 
 2687      59414D55 
 2687      58534944 
 2687      455F425F 
 2688              	.LASF18:
 2689 02a5 72656738 		.ascii	"reg8\000"
 2689      00
 2690              	.LASF4:
 2691 02aa 756E7369 		.ascii	"unsigned char\000"
 2691      676E6564 
 2691      20636861 
 2691      7200
 2692              	.LASF5:
 2693 02b8 73686F72 		.ascii	"short int\000"
ARM GAS  C:\Users\Lukef\AppData\Local\Temp\ccBncuhi.s 			page 61


 2693      7420696E 
 2693      7400
 2694              	.LASF56:
 2695 02c2 474E5520 		.ascii	"GNU C11 5.4.1 20160609 (release) [ARM/embedded-5-br"
 2695      43313120 
 2695      352E342E 
 2695      31203230 
 2695      31363036 
 2696 02f5 616E6368 		.ascii	"anch revision 237715] -mcpu=cortex-m3 -mthumb -g -O"
 2696      20726576 
 2696      6973696F 
 2696      6E203233 
 2696      37373135 
 2697 0328 67202D66 		.ascii	"g -ffunction-sections -ffat-lto-objects\000"
 2697      66756E63 
 2697      74696F6E 
 2697      2D736563 
 2697      74696F6E 
 2698              	.LASF36:
 2699 0350 706C6C4C 		.ascii	"pllLock\000"
 2699      6F636B00 
 2700              	.LASF41:
 2701 0358 6368616E 		.ascii	"channel\000"
 2701      6E656C00 
 2702              	.LASF22:
 2703 0360 63795F63 		.ascii	"cy_cfg_addrvalue_t\000"
 2703      66675F61 
 2703      64647276 
 2703      616C7565 
 2703      5F7400
 2704              	.LASF11:
 2705 0373 63686172 		.ascii	"char\000"
 2705      00
 2706              	.LASF39:
 2707 0378 53657441 		.ascii	"SetAnalogRoutingPumps\000"
 2707      6E616C6F 
 2707      67526F75 
 2707      74696E67 
 2707      50756D70 
 2708              	.LASF20:
 2709 038e 6F666673 		.ascii	"offset\000"
 2709      657400
 2710              	.LASF37:
 2711 0395 656E6162 		.ascii	"enabled\000"
 2711      6C656400 
 2712              	.LASF54:
 2713 039d 6D656D73 		.ascii	"memset\000"
 2713      657400
 2714              	.LASF32:
 2715 03a4 4359434F 		.ascii	"CYCONFIGCPY\000"
 2715      4E464947 
 2715      43505900 
 2716              	.LASF57:
 2717 03b0 47656E65 		.ascii	"Generated_Source\\PSoC5\\cyfitter_cfg.c\000"
 2717      72617465 
 2717      645F536F 
 2717      75726365 
ARM GAS  C:\Users\Lukef\AppData\Local\Temp\ccBncuhi.s 			page 62


 2717      5C50536F 
 2718              	.LASF46:
 2719 03d6 61646472 		.ascii	"address\000"
 2719      65737300 
 2720              	.LASF43:
 2721 03de 414D7578 		.ascii	"AMux_1_CYAMUXSIDE_B_Set\000"
 2721      5F315F43 
 2721      59414D55 
 2721      58534944 
 2721      455F425F 
 2722              	.LASF45:
 2723 03f6 63796669 		.ascii	"cyfitter_cfg\000"
 2723      74746572 
 2723      5F636667 
 2723      00
 2724              		.ident	"GCC: (GNU Tools for ARM Embedded Processors) 5.4.1 20160609 (release) [ARM/embedded-5-bran
